-- MySQL dump 10.13  Distrib 5.7.9, for osx10.9 (x86_64)
--
-- Host: 127.0.0.1    Database: Research_DB
-- ------------------------------------------------------
-- Server version	5.7.10

/*!40101 SET @OLD_CHARACTER_SET_CLIENT=@@CHARACTER_SET_CLIENT */;
/*!40101 SET @OLD_CHARACTER_SET_RESULTS=@@CHARACTER_SET_RESULTS */;
/*!40101 SET @OLD_COLLATION_CONNECTION=@@COLLATION_CONNECTION */;
/*!40101 SET NAMES utf8 */;
/*!40103 SET @OLD_TIME_ZONE=@@TIME_ZONE */;
/*!40103 SET TIME_ZONE='+00:00' */;
/*!40014 SET @OLD_UNIQUE_CHECKS=@@UNIQUE_CHECKS, UNIQUE_CHECKS=0 */;
/*!40014 SET @OLD_FOREIGN_KEY_CHECKS=@@FOREIGN_KEY_CHECKS, FOREIGN_KEY_CHECKS=0 */;
/*!40101 SET @OLD_SQL_MODE=@@SQL_MODE, SQL_MODE='NO_AUTO_VALUE_ON_ZERO' */;
/*!40111 SET @OLD_SQL_NOTES=@@SQL_NOTES, SQL_NOTES=0 */;

--
-- Current Database: `Research_DB`
--

CREATE DATABASE /*!32312 IF NOT EXISTS*/ `Research_DB` /*!40100 DEFAULT CHARACTER SET utf8 */;

USE `Research_DB`;

--
-- Table structure for table `project`
--

DROP TABLE IF EXISTS `project`;
/*!40101 SET @saved_cs_client     = @@character_set_client */;
/*!40101 SET character_set_client = utf8 */;
CREATE TABLE `project` (
  `id` varchar(45) NOT NULL,
  `pmid` varchar(45) DEFAULT NULL,
  `StartDate` datetime DEFAULT NULL,
  `EndDate` datetime DEFAULT NULL,
  `name` varchar(45) DEFAULT NULL,
  `description` varchar(100) DEFAULT NULL,
  PRIMARY KEY (`id`)
) ENGINE=InnoDB DEFAULT CHARSET=utf8;
/*!40101 SET character_set_client = @saved_cs_client */;

--
-- Dumping data for table `project`
--

LOCK TABLES `project` WRITE;
/*!40000 ALTER TABLE `project` DISABLE KEYS */;
INSERT INTO `project` VALUES ('rep0','rem001','2016-01-20 00:00:00','2018-12-10 00:00:00','通信让世界更美好','电信系统V1.0'),('rep1','rem002','2016-03-12 00:00:00','2018-12-10 00:00:00','通信让世界更美好','蜂窝移动网络V2.0'),('rep10','rem001','2016-01-20 00:00:00','2018-12-10 00:00:00','通信让世界更美好','电信系统V1.0'),('rep11','rem002','2016-03-12 00:00:00','2018-12-10 00:00:00','通信让世界更美好','蜂窝移动网络V2.0'),('rep12','rem003','2016-05-23 00:00:00','2018-12-10 00:00:00','通信让世界更美好','电信系统V1.0'),('rep13','rem004','2016-09-20 00:00:00','2018-12-10 00:00:00','通信让世界更美好','蜂窝移动网络V2.0'),('rep14','rem005','2016-12-12 00:00:00','2018-12-10 00:00:00','通信让世界更美好','电信系统V1.0'),('rep15','rem001','2016-01-20 00:00:00','2018-12-10 00:00:00','通信让世界更美好','蜂窝移动网络V2.0'),('rep16','rem002','2016-03-12 00:00:00','2018-12-10 00:00:00','通信让世界更美好','电信系统V1.0'),('rep17','rem003','2016-05-23 00:00:00','2018-12-10 00:00:00','通信让世界更美好','蜂窝移动网络V2.0'),('rep18','rem004','2016-09-20 00:00:00','2018-12-10 00:00:00','通信让世界更美好','电信系统V1.0'),('rep19','rem005','2016-12-12 00:00:00','2018-12-10 00:00:00','通信让世界更美好','蜂窝移动网络V2.0'),('rep2','rem003','2016-05-23 00:00:00','2018-12-10 00:00:00','通信让世界更美好','电信系统V1.0'),('rep20','rem001','2016-01-20 00:00:00','2018-12-10 00:00:00','通信让世界更美好','电信系统V1.0'),('rep21','rem002','2016-03-12 00:00:00','2018-12-10 00:00:00','通信让世界更美好','蜂窝移动网络V2.0'),('rep22','rem003','2016-05-23 00:00:00','2018-12-10 00:00:00','通信让世界更美好','电信系统V1.0'),('rep23','rem004','2016-09-20 00:00:00','2018-12-10 00:00:00','通信让世界更美好','蜂窝移动网络V2.0'),('rep24','rem005','2016-12-12 00:00:00','2018-12-10 00:00:00','通信让世界更美好','电信系统V1.0'),('rep25','rem001','2016-01-20 00:00:00','2018-12-10 00:00:00','通信让世界更美好','蜂窝移动网络V2.0'),('rep26','rem002','2016-03-12 00:00:00','2018-12-10 00:00:00','通信让世界更美好','电信系统V1.0'),('rep27','rem003','2016-05-23 00:00:00','2018-12-10 00:00:00','通信让世界更美好','蜂窝移动网络V2.0'),('rep28','rem004','2016-09-20 00:00:00','2018-12-10 00:00:00','通信让世界更美好','电信系统V1.0'),('rep29','rem005','2016-12-12 00:00:00','2018-12-10 00:00:00','通信让世界更美好','蜂窝移动网络V2.0'),('rep3','rem004','2016-09-20 00:00:00','2018-12-10 00:00:00','通信让世界更美好','蜂窝移动网络V2.0'),('rep30','rem001','2016-01-20 00:00:00','2018-12-10 00:00:00','通信让世界更美好','电信系统V1.0'),('rep31','rem002','2016-03-12 00:00:00','2018-12-10 00:00:00','通信让世界更美好','蜂窝移动网络V2.0'),('rep32','rem003','2016-05-23 00:00:00','2018-12-10 00:00:00','通信让世界更美好','电信系统V1.0'),('rep33','rem004','2016-09-20 00:00:00','2018-12-10 00:00:00','通信让世界更美好','蜂窝移动网络V2.0'),('rep34','rem005','2016-12-12 00:00:00','2018-12-10 00:00:00','通信让世界更美好','电信系统V1.0'),('rep35','rem001','2016-01-20 00:00:00','2018-12-10 00:00:00','通信让世界更美好','蜂窝移动网络V2.0'),('rep36','rem002','2016-03-12 00:00:00','2018-12-10 00:00:00','通信让世界更美好','电信系统V1.0'),('rep37','rem003','2016-05-23 00:00:00','2018-12-10 00:00:00','通信让世界更美好','蜂窝移动网络V2.0'),('rep38','rem004','2016-09-20 00:00:00','2018-12-10 00:00:00','通信让世界更美好','电信系统V1.0'),('rep39','rem005','2016-12-12 00:00:00','2018-12-10 00:00:00','通信让世界更美好','蜂窝移动网络V2.0'),('rep4','rem005','2016-12-12 00:00:00','2018-12-10 00:00:00','通信让世界更美好','电信系统V1.0'),('rep40','rem001','2016-01-20 00:00:00','2018-12-10 00:00:00','通信让世界更美好','电信系统V1.0'),('rep41','rem002','2016-03-12 00:00:00','2018-12-10 00:00:00','通信让世界更美好','蜂窝移动网络V2.0'),('rep42','rem003','2016-05-23 00:00:00','2018-12-10 00:00:00','通信让世界更美好','电信系统V1.0'),('rep43','rem004','2016-09-20 00:00:00','2018-12-10 00:00:00','通信让世界更美好','蜂窝移动网络V2.0'),('rep44','rem005','2016-12-12 00:00:00','2018-12-10 00:00:00','通信让世界更美好','电信系统V1.0'),('rep45','rem001','2016-01-20 00:00:00','2018-12-10 00:00:00','通信让世界更美好','蜂窝移动网络V2.0'),('rep46','rem002','2016-03-12 00:00:00','2018-12-10 00:00:00','通信让世界更美好','电信系统V1.0'),('rep47','rem003','2016-05-23 00:00:00','2018-12-10 00:00:00','通信让世界更美好','蜂窝移动网络V2.0'),('rep48','rem004','2016-09-20 00:00:00','2018-12-10 00:00:00','通信让世界更美好','电信系统V1.0'),('rep49','rem005','2016-12-12 00:00:00','2018-12-10 00:00:00','通信让世界更美好','蜂窝移动网络V2.0'),('rep5','rem001','2016-01-20 00:00:00','2018-12-10 00:00:00','通信让世界更美好','蜂窝移动网络V2.0'),('rep50','rem001','2016-01-20 00:00:00','2018-12-10 00:00:00','通信让世界更美好','电信系统V1.0'),('rep51','rem002','2016-03-12 00:00:00','2018-12-10 00:00:00','通信让世界更美好','蜂窝移动网络V2.0'),('rep52','rem003','2016-05-23 00:00:00','2018-12-10 00:00:00','通信让世界更美好','电信系统V1.0'),('rep53','rem004','2016-09-20 00:00:00','2018-12-10 00:00:00','通信让世界更美好','蜂窝移动网络V2.0'),('rep54','rem005','2016-12-12 00:00:00','2018-12-10 00:00:00','通信让世界更美好','电信系统V1.0'),('rep55','rem001','2016-01-20 00:00:00','2018-12-10 00:00:00','通信让世界更美好','蜂窝移动网络V2.0'),('rep56','rem002','2016-03-12 00:00:00','2018-12-10 00:00:00','通信让世界更美好','电信系统V1.0'),('rep57','rem003','2016-05-23 00:00:00','2018-12-10 00:00:00','通信让世界更美好','蜂窝移动网络V2.0'),('rep58','rem004','2016-09-20 00:00:00','2018-12-10 00:00:00','通信让世界更美好','电信系统V1.0'),('rep59','rem005','2016-12-12 00:00:00','2018-12-10 00:00:00','通信让世界更美好','蜂窝移动网络V2.0'),('rep6','rem002','2016-03-12 00:00:00','2018-12-10 00:00:00','通信让世界更美好','电信系统V1.0'),('rep60','rem001','2016-01-20 00:00:00','2018-12-10 00:00:00','通信让世界更美好','电信系统V1.0'),('rep61','rem002','2016-03-12 00:00:00','2018-12-10 00:00:00','通信让世界更美好','蜂窝移动网络V2.0'),('rep62','rem003','2016-05-23 00:00:00','2018-12-10 00:00:00','通信让世界更美好','电信系统V1.0'),('rep63','rem004','2016-09-20 00:00:00','2018-12-10 00:00:00','通信让世界更美好','蜂窝移动网络V2.0'),('rep64','rem005','2016-12-12 00:00:00','2018-12-10 00:00:00','通信让世界更美好','电信系统V1.0'),('rep65','rem001','2016-01-20 00:00:00','2018-12-10 00:00:00','通信让世界更美好','蜂窝移动网络V2.0'),('rep66','rem002','2016-03-12 00:00:00','2018-12-10 00:00:00','通信让世界更美好','电信系统V1.0'),('rep67','rem003','2016-05-23 00:00:00','2018-12-10 00:00:00','通信让世界更美好','蜂窝移动网络V2.0'),('rep68','rem004','2016-09-20 00:00:00','2018-12-10 00:00:00','通信让世界更美好','电信系统V1.0'),('rep69','rem005','2016-12-12 00:00:00','2018-12-10 00:00:00','通信让世界更美好','蜂窝移动网络V2.0'),('rep7','rem003','2016-05-23 00:00:00','2018-12-10 00:00:00','通信让世界更美好','蜂窝移动网络V2.0'),('rep8','rem004','2016-09-20 00:00:00','2018-12-10 00:00:00','通信让世界更美好','电信系统V1.0'),('rep9','rem005','2016-12-12 00:00:00','2018-12-10 00:00:00','通信让世界更美好','蜂窝移动网络V2.0');
/*!40000 ALTER TABLE `project` ENABLE KEYS */;
UNLOCK TABLES;

--
-- Table structure for table `researcher`
--

DROP TABLE IF EXISTS `researcher`;
/*!40101 SET @saved_cs_client     = @@character_set_client */;
/*!40101 SET character_set_client = utf8 */;
CREATE TABLE `researcher` (
  `id` varchar(45) NOT NULL,
  `name` varchar(45) DEFAULT NULL,
  `phone_number` varchar(45) DEFAULT NULL,
  `position` varchar(45) DEFAULT NULL,
  PRIMARY KEY (`id`)
) ENGINE=InnoDB DEFAULT CHARSET=utf8;
/*!40101 SET character_set_client = @saved_cs_client */;

--
-- Dumping data for table `researcher`
--

LOCK TABLES `researcher` WRITE;
/*!40000 ALTER TABLE `researcher` DISABLE KEYS */;
INSERT INTO `researcher` VALUES ('Research0','王丽莉','18362927727','通信工程师'),('Research1','白浅','18362927727','通信工程师'),('Research10','折颜','18362927727','通信工程师'),('Research11','王丽莉','18362927727','通信工程师'),('Research12','白浅','18362927727','通信工程师'),('Research13','白凤九','18362927727','通信工程师'),('Research14','夜华','18362927727','通信工程师'),('Research15','东华','18362927727','通信工程师'),('Research16','莫渊','18362927727','通信工程师'),('Research17','玄女','18362927727','通信工程师'),('Research18','叠风','18362927727','通信工程师'),('Research19','令羽','18362927727','通信工程师'),('Research2','白凤九','18362927727','通信工程师'),('Research20','白真','18362927727','通信工程师'),('Research21','折颜','18362927727','通信工程师'),('Research22','王丽莉','18362927727','通信工程师'),('Research23','白浅','18362927727','通信工程师'),('Research24','白凤九','18362927727','通信工程师'),('Research25','夜华','18362927727','通信工程师'),('Research26','东华','18362927727','通信工程师'),('Research27','莫渊','18362927727','通信工程师'),('Research28','玄女','18362927727','通信工程师'),('Research29','叠风','18362927727','通信工程师'),('Research3','夜华','18362927727','通信工程师'),('Research30','令羽','18362927727','通信工程师'),('Research31','白真','18362927727','通信工程师'),('Research32','折颜','18362927727','通信工程师'),('Research33','王丽莉','18362927727','通信工程师'),('Research34','白浅','18362927727','通信工程师'),('Research35','白凤九','18362927727','通信工程师'),('Research36','夜华','18362927727','通信工程师'),('Research37','东华','18362927727','通信工程师'),('Research38','莫渊','18362927727','通信工程师'),('Research39','玄女','18362927727','通信工程师'),('Research4','东华','18362927727','通信工程师'),('Research40','叠风','18362927727','通信工程师'),('Research41','令羽','18362927727','通信工程师'),('Research42','白真','18362927727','通信工程师'),('Research43','折颜','18362927727','通信工程师'),('Research44','王丽莉','18362927727','通信工程师'),('Research45','白浅','18362927727','通信工程师'),('Research46','白凤九','18362927727','通信工程师'),('Research47','夜华','18362927727','通信工程师'),('Research48','东华','18362927727','通信工程师'),('Research49','莫渊','18362927727','通信工程师'),('Research5','莫渊','18362927727','通信工程师'),('Research50','玄女','18362927727','通信工程师'),('Research51','叠风','18362927727','通信工程师'),('Research52','令羽','18362927727','通信工程师'),('Research53','白真','18362927727','通信工程师'),('Research54','折颜','18362927727','通信工程师'),('Research55','王丽莉','18362927727','通信工程师'),('Research56','白浅','18362927727','通信工程师'),('Research57','白凤九','18362927727','通信工程师'),('Research58','夜华','18362927727','通信工程师'),('Research59','东华','18362927727','通信工程师'),('Research6','玄女','18362927727','通信工程师'),('Research60','莫渊','18362927727','通信工程师'),('Research61','玄女','18362927727','通信工程师'),('Research62','叠风','18362927727','通信工程师'),('Research63','令羽','18362927727','通信工程师'),('Research64','白真','18362927727','通信工程师'),('Research65','折颜','18362927727','通信工程师'),('Research66','王丽莉','18362927727','通信工程师'),('Research67','白浅','18362927727','通信工程师'),('Research68','白凤九','18362927727','通信工程师'),('Research69','夜华','18362927727','通信工程师'),('Research7','叠风','18362927727','通信工程师'),('Research8','令羽','18362927727','通信工程师'),('Research9','白真','18362927727','通信工程师');
/*!40000 ALTER TABLE `researcher` ENABLE KEYS */;
UNLOCK TABLES;

--
-- Table structure for table `task`
--

DROP TABLE IF EXISTS `task`;
/*!40101 SET @saved_cs_client     = @@character_set_client */;
/*!40101 SET character_set_client = utf8 */;
CREATE TABLE `task` (
  `projectID` varchar(45) NOT NULL,
  `staffID` varchar(45) NOT NULL,
  PRIMARY KEY (`projectID`,`staffID`)
) ENGINE=InnoDB DEFAULT CHARSET=utf8;
/*!40101 SET character_set_client = @saved_cs_client */;

--
-- Dumping data for table `task`
--

LOCK TABLES `task` WRITE;
/*!40000 ALTER TABLE `task` DISABLE KEYS */;
INSERT INTO `task` VALUES ('rep0','Research0'),('rep1','Research1'),('rep10','Research10'),('rep11','Research11'),('rep12','Research12'),('rep13','Research13'),('rep14','Research14'),('rep15','Research15'),('rep16','Research16'),('rep17','Research17'),('rep18','Research18'),('rep19','Research19'),('rep2','Research2'),('rep20','Research20'),('rep21','Research21'),('rep22','Research22'),('rep23','Research23'),('rep24','Research24'),('rep25','Research25'),('rep26','Research26'),('rep27','Research27'),('rep28','Research28'),('rep29','Research29'),('rep3','Research3'),('rep30','Research30'),('rep31','Research31'),('rep32','Research32'),('rep33','Research33'),('rep34','Research34'),('rep35','Research35'),('rep36','Research36'),('rep37','Research37'),('rep38','Research38'),('rep39','Research39'),('rep4','Research4'),('rep40','Research40'),('rep41','Research41'),('rep42','Research42'),('rep43','Research43'),('rep44','Research44'),('rep45','Research45'),('rep46','Research46'),('rep47','Research47'),('rep48','Research48'),('rep49','Research49'),('rep5','Research5'),('rep50','Research50'),('rep51','Research51'),('rep52','Research52'),('rep53','Research53'),('rep54','Research54'),('rep55','Research55'),('rep56','Research56'),('rep57','Research57'),('rep58','Research58'),('rep59','Research59'),('rep6','Research6'),('rep60','Research60'),('rep61','Research61'),('rep62','Research62'),('rep63','Research63'),('rep64','Research64'),('rep65','Research65'),('rep66','Research66'),('rep67','Research67'),('rep68','Research68'),('rep69','Research69'),('rep7','Research7'),('rep8','Research8'),('rep9','Research9');
/*!40000 ALTER TABLE `task` ENABLE KEYS */;
UNLOCK TABLES;

--
-- Current Database: `Business_DB`
--

CREATE DATABASE /*!32312 IF NOT EXISTS*/ `Business_DB` /*!40100 DEFAULT CHARACTER SET utf8 */;

USE `Business_DB`;

--
-- Table structure for table `business_recode`
--

DROP TABLE IF EXISTS `business_recode`;
/*!40101 SET @saved_cs_client     = @@character_set_client */;
/*!40101 SET character_set_client = utf8 */;
CREATE TABLE `business_recode` (
  `ID` int(11) NOT NULL,
  `Date` datetime DEFAULT NULL,
  `staffId` varchar(45) DEFAULT NULL,
  `customerId` varchar(45) DEFAULT NULL,
  `Service_type` int(11) DEFAULT NULL,
  `Revenue` double DEFAULT NULL,
  `grade` int(11) DEFAULT NULL,
  PRIMARY KEY (`ID`)
) ENGINE=InnoDB DEFAULT CHARSET=utf8;
/*!40101 SET character_set_client = @saved_cs_client */;

--
-- Dumping data for table `business_recode`
--

LOCK TABLES `business_recode` WRITE;
/*!40000 ALTER TABLE `business_recode` DISABLE KEYS */;
INSERT INTO `business_recode` VALUES (0,'2016-12-01 00:00:00','business0','custome0',0,60,1),(1,'2016-12-02 00:00:00','business1','custome1',1,100,2),(2,'2016-12-03 00:00:00','business2','custome2',2,70,3),(3,'2016-12-04 00:00:00','business3','custome3',3,60,4),(4,'2016-12-05 00:00:00','business4','custome4',4,150,1),(5,'2016-12-06 00:00:00','business5','custome5',5,1000,2),(6,'2016-12-07 00:00:00','business6','custome6',6,70,3),(7,'2016-12-08 00:00:00','business7','custome7',7,20,4),(8,'2016-12-09 00:00:00','business8','custome8',8,5000,1),(9,'2016-12-01 00:00:00','business9','custome9',0,60,2),(10,'2016-12-02 00:00:00','business10','custome10',1,100,3),(11,'2016-12-03 00:00:00','business11','custome11',2,70,4),(12,'2016-12-04 00:00:00','business12','custome12',3,60,1),(13,'2016-12-05 00:00:00','business13','custome13',4,150,2),(14,'2016-12-06 00:00:00','business14','custome14',5,1000,3),(15,'2016-12-07 00:00:00','business15','custome15',6,70,4),(16,'2016-12-08 00:00:00','business16','custome16',7,20,1),(17,'2016-12-09 00:00:00','business17','custome17',8,5000,2),(18,'2016-12-01 00:00:00','business18','custome18',0,60,3),(19,'2016-12-02 00:00:00','business19','custome19',1,100,4),(20,'2016-12-03 00:00:00','business20','custome20',2,70,1),(21,'2016-12-04 00:00:00','business21','custome21',3,60,2),(22,'2016-12-05 00:00:00','business22','custome22',4,150,3),(23,'2016-12-06 00:00:00','business23','custome23',5,1000,4),(24,'2016-12-07 00:00:00','business24','custome24',6,70,1),(25,'2016-12-08 00:00:00','business25','custome25',7,20,2),(26,'2016-12-09 00:00:00','business26','custome26',8,5000,3),(27,'2016-12-01 00:00:00','business27','custome27',0,60,4),(28,'2016-12-02 00:00:00','business28','custome28',1,100,1),(29,'2016-12-03 00:00:00','business29','custome29',2,70,2),(30,'2016-12-04 00:00:00','business30','custome30',3,60,3),(31,'2016-12-05 00:00:00','business31','custome31',4,150,4),(32,'2016-12-06 00:00:00','business32','custome32',5,1000,1),(33,'2016-12-07 00:00:00','business33','custome33',6,70,2),(34,'2016-12-08 00:00:00','business34','custome34',7,20,3),(35,'2016-12-09 00:00:00','business35','custome35',8,5000,4),(36,'2016-12-01 00:00:00','business36','custome36',0,60,1),(37,'2016-12-02 00:00:00','business37','custome37',1,100,2),(38,'2016-12-03 00:00:00','business38','custome38',2,70,3),(39,'2016-12-04 00:00:00','business39','custome39',3,60,4),(40,'2016-12-05 00:00:00','business40','custome40',4,150,1),(41,'2016-12-06 00:00:00','business41','custome41',5,1000,2),(42,'2016-12-07 00:00:00','business42','custome42',6,70,3),(43,'2016-12-08 00:00:00','business43','custome43',7,20,4),(44,'2016-12-09 00:00:00','business44','custome44',8,5000,1),(45,'2016-12-01 00:00:00','business45','custome45',0,60,2),(46,'2016-12-02 00:00:00','business46','custome46',1,100,3),(47,'2016-12-03 00:00:00','business47','custome47',2,70,4),(48,'2016-12-04 00:00:00','business48','custome48',3,60,1),(49,'2016-12-05 00:00:00','business49','custome49',4,150,2),(50,'2016-12-06 00:00:00','business50','custome50',5,1000,3),(51,'2016-12-07 00:00:00','business51','custome51',6,70,4),(52,'2016-12-08 00:00:00','business52','custome52',7,20,1),(53,'2016-12-09 00:00:00','business53','custome53',8,5000,2),(54,'2016-12-01 00:00:00','business54','custome54',0,60,3),(55,'2016-12-02 00:00:00','business55','custome55',1,100,4),(56,'2016-12-03 00:00:00','business56','custome56',2,70,1),(57,'2016-12-04 00:00:00','business57','custome57',3,60,2),(58,'2016-12-05 00:00:00','business58','custome58',4,150,3),(59,'2016-12-06 00:00:00','business59','custome59',5,1000,4),(60,'2016-12-07 00:00:00','business60','custome60',6,70,1),(61,'2016-12-08 00:00:00','business61','custome61',7,20,2),(62,'2016-12-09 00:00:00','business62','custome62',8,5000,3),(63,'2016-12-01 00:00:00','business63','custome63',0,60,4),(64,'2016-12-02 00:00:00','business64','custome64',1,100,1),(65,'2016-12-03 00:00:00','business65','custome65',2,70,2),(66,'2016-12-04 00:00:00','business66','custome66',3,60,3),(67,'2016-12-05 00:00:00','business67','custome67',4,150,4),(68,'2016-12-06 00:00:00','business68','custome68',5,1000,1),(69,'2016-12-07 00:00:00','business69','custome69',6,70,2),(70,'2016-12-08 00:00:00','business70','custome70',7,20,3),(71,'2016-12-09 00:00:00','business71','custome71',8,5000,4),(72,'2016-12-01 00:00:00','business72','custome72',0,60,1),(73,'2016-12-02 00:00:00','business73','custome73',1,100,2),(74,'2016-12-03 00:00:00','business74','custome74',2,70,3),(75,'2016-12-04 00:00:00','business75','custome75',3,60,4),(76,'2016-12-05 00:00:00','business76','custome76',4,150,1),(77,'2016-12-06 00:00:00','business77','custome77',5,1000,2),(78,'2016-12-07 00:00:00','business78','custome78',6,70,3),(79,'2016-12-08 00:00:00','business79','custome79',7,20,4),(80,'2016-12-09 00:00:00','business80','custome80',8,5000,1),(81,'2016-12-01 00:00:00','business81','custome81',0,60,2),(82,'2016-12-02 00:00:00','business82','custome82',1,100,3),(83,'2016-12-03 00:00:00','business83','custome83',2,70,4),(84,'2016-12-04 00:00:00','business84','custome84',3,60,1),(85,'2016-12-05 00:00:00','business85','custome85',4,150,2),(86,'2016-12-06 00:00:00','business86','custome86',5,1000,3),(87,'2016-12-07 00:00:00','business87','custome87',6,70,4),(88,'2016-12-08 00:00:00','business88','custome88',7,20,1),(89,'2016-12-09 00:00:00','business89','custome89',8,5000,2),(90,'2016-12-01 00:00:00','business90','custome90',0,60,3),(91,'2016-12-02 00:00:00','business91','custome91',1,100,4),(92,'2016-12-03 00:00:00','business92','custome92',2,70,1),(93,'2016-12-04 00:00:00','business93','custome93',3,60,2),(94,'2016-12-05 00:00:00','business94','custome94',4,150,3),(95,'2016-12-06 00:00:00','business95','custome95',5,1000,4),(96,'2016-12-07 00:00:00','business96','custome96',6,70,1),(97,'2016-12-08 00:00:00','business97','custome97',7,20,2),(98,'2016-12-09 00:00:00','business98','custome98',8,5000,3),(99,'2016-12-01 00:00:00','business99','custome99',0,60,4);
/*!40000 ALTER TABLE `business_recode` ENABLE KEYS */;
UNLOCK TABLES;

--
-- Table structure for table `custome`
--

DROP TABLE IF EXISTS `custome`;
/*!40101 SET @saved_cs_client     = @@character_set_client */;
/*!40101 SET character_set_client = utf8 */;
CREATE TABLE `custome` (
  `ID` varchar(45) NOT NULL,
  `Name` varchar(45) DEFAULT NULL,
  `ID_number` varchar(45) DEFAULT NULL,
  `Phone_number` varchar(45) DEFAULT NULL,
  PRIMARY KEY (`ID`)
) ENGINE=InnoDB DEFAULT CHARSET=utf8;
/*!40101 SET character_set_client = @saved_cs_client */;

--
-- Dumping data for table `custome`
--

LOCK TABLES `custome` WRITE;
/*!40000 ALTER TABLE `custome` DISABLE KEYS */;
INSERT INTO `custome` VALUES ('custome0','白浅','320029199701018890','18362920989'),('custome1','白凤九','320029199701018890','18362920989'),('custome10','阿离','320029199701018890','18362920989'),('custome11','奈奈','320029199701018890','18362920989'),('custome12','司命','320029199701018890','18362920989'),('custome13','连宋','320029199701018890','18362920989'),('custome14','成玉','320029199701018890','18362920989'),('custome15','迷谷','320029199701018890','18362920989'),('custome16','子澜','320029199701018890','18362920989'),('custome17','少辛','320029199701018890','18362920989'),('custome18','桑籍','320029199701018890','18362920989'),('custome19','白浅','320029199701018890','18362920989'),('custome2','夜华','320029199701018890','18362920989'),('custome20','白凤九','320029199701018890','18362920989'),('custome21','夜华','320029199701018890','18362920989'),('custome22','东华','320029199701018890','18362920989'),('custome23','莫渊','320029199701018890','18362920989'),('custome24','玄女','320029199701018890','18362920989'),('custome25','叠风','320029199701018890','18362920989'),('custome26','令羽','320029199701018890','18362920989'),('custome27','白真','320029199701018890','18362920989'),('custome28','折颜','320029199701018890','18362920989'),('custome29','阿离','320029199701018890','18362920989'),('custome3','东华','320029199701018890','18362920989'),('custome30','奈奈','320029199701018890','18362920989'),('custome31','司命','320029199701018890','18362920989'),('custome32','连宋','320029199701018890','18362920989'),('custome33','成玉','320029199701018890','18362920989'),('custome34','迷谷','320029199701018890','18362920989'),('custome35','子澜','320029199701018890','18362920989'),('custome36','少辛','320029199701018890','18362920989'),('custome37','桑籍','320029199701018890','18362920989'),('custome38','白浅','320029199701018890','18362920989'),('custome39','白凤九','320029199701018890','18362920989'),('custome4','莫渊','320029199701018890','18362920989'),('custome40','夜华','320029199701018890','18362920989'),('custome41','东华','320029199701018890','18362920989'),('custome42','莫渊','320029199701018890','18362920989'),('custome43','玄女','320029199701018890','18362920989'),('custome44','叠风','320029199701018890','18362920989'),('custome45','令羽','320029199701018890','18362920989'),('custome46','白真','320029199701018890','18362920989'),('custome47','折颜','320029199701018890','18362920989'),('custome48','阿离','320029199701018890','18362920989'),('custome49','奈奈','320029199701018890','18362920989'),('custome5','玄女','320029199701018890','18362920989'),('custome50','司命','320029199701018890','18362920989'),('custome51','连宋','320029199701018890','18362920989'),('custome52','成玉','320029199701018890','18362920989'),('custome53','迷谷','320029199701018890','18362920989'),('custome54','子澜','320029199701018890','18362920989'),('custome55','少辛','320029199701018890','18362920989'),('custome56','桑籍','320029199701018890','18362920989'),('custome57','白浅','320029199701018890','18362920989'),('custome58','白凤九','320029199701018890','18362920989'),('custome59','夜华','320029199701018890','18362920989'),('custome6','叠风','320029199701018890','18362920989'),('custome60','东华','320029199701018890','18362920989'),('custome61','莫渊','320029199701018890','18362920989'),('custome62','玄女','320029199701018890','18362920989'),('custome63','叠风','320029199701018890','18362920989'),('custome64','令羽','320029199701018890','18362920989'),('custome65','白真','320029199701018890','18362920989'),('custome66','折颜','320029199701018890','18362920989'),('custome67','阿离','320029199701018890','18362920989'),('custome68','奈奈','320029199701018890','18362920989'),('custome69','司命','320029199701018890','18362920989'),('custome7','令羽','320029199701018890','18362920989'),('custome70','连宋','320029199701018890','18362920989'),('custome71','成玉','320029199701018890','18362920989'),('custome72','迷谷','320029199701018890','18362920989'),('custome73','子澜','320029199701018890','18362920989'),('custome74','少辛','320029199701018890','18362920989'),('custome75','桑籍','320029199701018890','18362920989'),('custome76','白浅','320029199701018890','18362920989'),('custome77','白凤九','320029199701018890','18362920989'),('custome78','夜华','320029199701018890','18362920989'),('custome79','东华','320029199701018890','18362920989'),('custome8','白真','320029199701018890','18362920989'),('custome80','莫渊','320029199701018890','18362920989'),('custome81','玄女','320029199701018890','18362920989'),('custome82','叠风','320029199701018890','18362920989'),('custome83','令羽','320029199701018890','18362920989'),('custome84','白真','320029199701018890','18362920989'),('custome85','折颜','320029199701018890','18362920989'),('custome86','阿离','320029199701018890','18362920989'),('custome87','奈奈','320029199701018890','18362920989'),('custome88','司命','320029199701018890','18362920989'),('custome89','连宋','320029199701018890','18362920989'),('custome9','折颜','320029199701018890','18362920989'),('custome90','成玉','320029199701018890','18362920989'),('custome91','迷谷','320029199701018890','18362920989'),('custome92','子澜','320029199701018890','18362920989'),('custome93','少辛','320029199701018890','18362920989'),('custome94','桑籍','320029199701018890','18362920989'),('custome95','白浅','320029199701018890','18362920989'),('custome96','白凤九','320029199701018890','18362920989'),('custome97','夜华','320029199701018890','18362920989'),('custome98','东华','320029199701018890','18362920989'),('custome99','莫渊','320029199701018890','18362920989');
/*!40000 ALTER TABLE `custome` ENABLE KEYS */;
UNLOCK TABLES;

--
-- Table structure for table `servieType`
--

DROP TABLE IF EXISTS `servieType`;
/*!40101 SET @saved_cs_client     = @@character_set_client */;
/*!40101 SET character_set_client = utf8 */;
CREATE TABLE `servieType` (
  `id` int(11) NOT NULL,
  `descrption` varchar(45) DEFAULT NULL,
  `price` double DEFAULT NULL,
  PRIMARY KEY (`id`)
) ENGINE=InnoDB DEFAULT CHARSET=utf8;
/*!40101 SET character_set_client = @saved_cs_client */;

--
-- Dumping data for table `servieType`
--

LOCK TABLES `servieType` WRITE;
/*!40000 ALTER TABLE `servieType` DISABLE KEYS */;
INSERT INTO `servieType` VALUES (0,'购买手机卡',60),(1,'充值套餐1',100),(2,'充值套餐2',70),(3,'充值套餐3',60),(4,'月包流量3G',150),(5,'开通家庭网络',1000),(6,'更换手机卡',70),(7,'开通和家庭服务',20),(8,'开通企业网络',5000);
/*!40000 ALTER TABLE `servieType` ENABLE KEYS */;
UNLOCK TABLES;

--
-- Table structure for table `staff`
--

DROP TABLE IF EXISTS `staff`;
/*!40101 SET @saved_cs_client     = @@character_set_client */;
/*!40101 SET character_set_client = utf8 */;
CREATE TABLE `staff` (
  `ID` varchar(45) NOT NULL,
  `Name` varchar(45) DEFAULT NULL,
  `Position` varchar(45) DEFAULT NULL,
  `Phone_number` varchar(45) DEFAULT NULL,
  PRIMARY KEY (`ID`)
) ENGINE=InnoDB DEFAULT CHARSET=utf8;
/*!40101 SET character_set_client = @saved_cs_client */;

--
-- Dumping data for table `staff`
--

LOCK TABLES `staff` WRITE;
/*!40000 ALTER TABLE `staff` DISABLE KEYS */;
INSERT INTO `staff` VALUES ('business0','白浅','营业厅业务员','18362926973'),('business1','白凤九','营业厅业务员','18362926973'),('business10','阿离','营业厅业务员','18362926973'),('business11','奈奈','营业厅业务员','18362926973'),('business12','司命','营业厅业务员','18362926973'),('business13','连宋','营业厅业务员','18362926973'),('business14','成玉','营业厅业务员','18362926973'),('business15','迷谷','营业厅业务员','18362926973'),('business16','子澜','营业厅业务员','18362926973'),('business17','少辛','营业厅业务员','18362926973'),('business18','桑籍','营业厅业务员','18362926973'),('business19','白浅','营业厅业务员','18362926973'),('business2','夜华','营业厅业务员','18362926973'),('business20','白凤九','营业厅业务员','18362926973'),('business21','夜华','营业厅业务员','18362926973'),('business22','东华','营业厅业务员','18362926973'),('business23','莫渊','营业厅业务员','18362926973'),('business24','玄女','营业厅业务员','18362926973'),('business25','叠风','营业厅业务员','18362926973'),('business26','令羽','营业厅业务员','18362926973'),('business27','白真','营业厅业务员','18362926973'),('business28','折颜','营业厅业务员','18362926973'),('business29','阿离','营业厅业务员','18362926973'),('business3','东华','营业厅业务员','18362926973'),('business30','奈奈','营业厅业务员','18362926973'),('business31','司命','营业厅业务员','18362926973'),('business32','连宋','营业厅业务员','18362926973'),('business33','成玉','营业厅业务员','18362926973'),('business34','迷谷','营业厅业务员','18362926973'),('business35','子澜','营业厅业务员','18362926973'),('business36','少辛','营业厅业务员','18362926973'),('business37','桑籍','营业厅业务员','18362926973'),('business38','白浅','营业厅业务员','18362926973'),('business39','白凤九','营业厅业务员','18362926973'),('business4','莫渊','营业厅业务员','18362926973'),('business40','夜华','营业厅业务员','18362926973'),('business41','东华','营业厅业务员','18362926973'),('business42','莫渊','营业厅业务员','18362926973'),('business43','玄女','营业厅业务员','18362926973'),('business44','叠风','营业厅业务员','18362926973'),('business45','令羽','营业厅业务员','18362926973'),('business46','白真','营业厅业务员','18362926973'),('business47','折颜','营业厅业务员','18362926973'),('business48','阿离','营业厅业务员','18362926973'),('business49','奈奈','营业厅业务员','18362926973'),('business5','玄女','营业厅业务员','18362926973'),('business50','司命','营业厅业务员','18362926973'),('business51','连宋','营业厅业务员','18362926973'),('business52','成玉','营业厅业务员','18362926973'),('business53','迷谷','营业厅业务员','18362926973'),('business54','子澜','营业厅业务员','18362926973'),('business55','少辛','营业厅业务员','18362926973'),('business56','桑籍','营业厅业务员','18362926973'),('business57','白浅','营业厅业务员','18362926973'),('business58','白凤九','营业厅业务员','18362926973'),('business59','夜华','营业厅业务员','18362926973'),('business6','叠风','营业厅业务员','18362926973'),('business60','东华','营业厅业务员','18362926973'),('business61','莫渊','营业厅业务员','18362926973'),('business62','玄女','营业厅业务员','18362926973'),('business63','叠风','营业厅业务员','18362926973'),('business64','令羽','营业厅业务员','18362926973'),('business65','白真','营业厅业务员','18362926973'),('business66','折颜','营业厅业务员','18362926973'),('business67','阿离','营业厅业务员','18362926973'),('business68','奈奈','营业厅业务员','18362926973'),('business69','司命','营业厅业务员','18362926973'),('business7','令羽','营业厅业务员','18362926973'),('business70','连宋','营业厅业务员','18362926973'),('business71','成玉','营业厅业务员','18362926973'),('business72','迷谷','营业厅业务员','18362926973'),('business73','子澜','营业厅业务员','18362926973'),('business74','少辛','营业厅业务员','18362926973'),('business75','桑籍','营业厅业务员','18362926973'),('business76','白浅','营业厅业务员','18362926973'),('business77','白凤九','营业厅业务员','18362926973'),('business78','夜华','营业厅业务员','18362926973'),('business79','东华','营业厅业务员','18362926973'),('business8','白真','营业厅业务员','18362926973'),('business80','莫渊','营业厅业务员','18362926973'),('business81','玄女','营业厅业务员','18362926973'),('business82','叠风','营业厅业务员','18362926973'),('business83','令羽','营业厅业务员','18362926973'),('business84','白真','营业厅业务员','18362926973'),('business85','折颜','营业厅业务员','18362926973'),('business86','阿离','营业厅业务员','18362926973'),('business87','奈奈','营业厅业务员','18362926973'),('business88','司命','营业厅业务员','18362926973'),('business89','连宋','营业厅业务员','18362926973'),('business9','折颜','营业厅业务员','18362926973'),('business90','成玉','营业厅业务员','18362926973'),('business91','迷谷','营业厅业务员','18362926973'),('business92','子澜','营业厅业务员','18362926973'),('business93','少辛','营业厅业务员','18362926973'),('business94','桑籍','营业厅业务员','18362926973'),('business95','白浅','营业厅业务员','18362926973'),('business96','白凤九','营业厅业务员','18362926973'),('business97','夜华','营业厅业务员','18362926973'),('business98','东华','营业厅业务员','18362926973'),('business99','莫渊','营业厅业务员','18362926973');
/*!40000 ALTER TABLE `staff` ENABLE KEYS */;
UNLOCK TABLES;

--
-- Current Database: `Financemanage_DB`
--

CREATE DATABASE /*!32312 IF NOT EXISTS*/ `Financemanage_DB` /*!40100 DEFAULT CHARACTER SET utf8 */;

USE `Financemanage_DB`;

--
-- Table structure for table `Department_bill`
--

DROP TABLE IF EXISTS `Department_bill`;
/*!40101 SET @saved_cs_client     = @@character_set_client */;
/*!40101 SET character_set_client = utf8 */;
CREATE TABLE `Department_bill` (
  `ID` int(11) NOT NULL,
  `DepartmentID` varchar(45) DEFAULT NULL,
  `Date` datetime DEFAULT NULL,
  `IncomeorOutcome` int(11) DEFAULT NULL,
  `Quantity` double DEFAULT NULL,
  `Description` varchar(100) DEFAULT NULL,
  `pmid` varchar(45) DEFAULT NULL,
  PRIMARY KEY (`ID`)
) ENGINE=InnoDB DEFAULT CHARSET=utf8;
/*!40101 SET character_set_client = @saved_cs_client */;

--
-- Dumping data for table `Department_bill`
--

LOCK TABLES `Department_bill` WRITE;
/*!40000 ALTER TABLE `Department_bill` DISABLE KEYS */;
INSERT INTO `Department_bill` VALUES (1,'Finace001','2016-02-20 00:00:00',1,1200,'电脑出现故障需要维修',NULL),(2,'Finace001','2016-02-20 00:00:00',1,1200,'电脑出现故障需要维修',NULL),(3,'Finace001','2016-02-20 00:00:00',1,1200,'电脑出现故障需要维修',NULL),(4,'Finace001','2016-02-20 00:00:00',1,1200,'电脑出现故障需要维修',NULL),(5,'Finace001','2016-02-20 00:00:00',1,1200,'电脑出现故障需要维修',NULL),(6,'Finace001','2016-02-20 00:00:00',1,1200,'电脑出现故障需要维修',NULL),(7,'Finace001','2016-02-20 00:00:00',1,1200,'电脑出现故障需要维修',NULL),(8,'Finace001','2016-02-20 00:00:00',1,1200,'电脑出现故障需要维修',NULL),(9,'Finace001','2016-02-20 00:00:00',1,1200,'电脑出现故障需要维修',NULL),(10,'Finace001','2016-02-20 00:00:00',1,1200,'电脑出现故障需要维修',NULL),(11,'Finace001','2016-02-20 00:00:00',1,1200,'电脑出现故障需要维修',NULL),(12,'Finace001','2016-02-20 00:00:00',1,1200,'电脑出现故障需要维修',NULL),(13,'Finace001','2016-02-20 00:00:00',1,1200,'电脑出现故障需要维修',NULL),(14,'Finace001','2016-02-20 00:00:00',1,1200,'电脑出现故障需要维修',NULL),(15,'Finace001','2016-02-20 00:00:00',1,1200,'电脑出现故障需要维修',NULL),(16,'Finace001','2016-02-20 00:00:00',1,1200,'电脑出现故障需要维修',NULL),(17,'Finace001','2016-02-20 00:00:00',1,1200,'电脑出现故障需要维修',NULL),(18,'Finace001','2016-02-20 00:00:00',1,1200,'电脑出现故障需要维修',NULL),(19,'Finace001','2016-02-20 00:00:00',1,1200,'电脑出现故障需要维修',NULL),(20,'Finace001','2016-02-20 00:00:00',1,1200,'电脑出现故障需要维修',NULL),(21,'Finace001','2016-02-20 00:00:00',1,1200,'电脑出现故障需要维修',NULL),(22,'Finace001','2016-02-20 00:00:00',1,1200,'电脑出现故障需要维修',NULL),(23,'Finace001','2016-02-20 00:00:00',1,1200,'电脑出现故障需要维修',NULL),(24,'Finace001','2016-02-20 00:00:00',1,1200,'电脑出现故障需要维修',NULL),(25,'Finace001','2016-02-20 00:00:00',1,1200,'电脑出现故障需要维修',NULL),(26,'Finace001','2016-02-20 00:00:00',1,1200,'电脑出现故障需要维修',NULL),(27,'Finace001','2016-02-20 00:00:00',1,1200,'电脑出现故障需要维修',NULL),(28,'Finace001','2016-02-20 00:00:00',1,1200,'电脑出现故障需要维修',NULL),(29,'Finace001','2016-02-20 00:00:00',1,1200,'电脑出现故障需要维修',NULL),(30,'Finace001','2016-02-20 00:00:00',1,1200,'电脑出现故障需要维修',NULL),(31,'Finace001','2016-02-20 00:00:00',1,1200,'电脑出现故障需要维修',NULL),(32,'Finace001','2016-02-20 00:00:00',1,1200,'电脑出现故障需要维修',NULL),(33,'Finace001','2016-02-20 00:00:00',1,1200,'电脑出现故障需要维修',NULL),(34,'Finace001','2016-02-20 00:00:00',1,1200,'电脑出现故障需要维修',NULL),(35,'Finace001','2016-02-20 00:00:00',1,1200,'电脑出现故障需要维修',NULL),(36,'Finace001','2016-02-20 00:00:00',1,1200,'电脑出现故障需要维修',NULL),(37,'Finace001','2016-02-20 00:00:00',1,1200,'电脑出现故障需要维修',NULL),(38,'Finace001','2016-02-20 00:00:00',1,1200,'电脑出现故障需要维修',NULL),(39,'Finace001','2016-02-20 00:00:00',1,1200,'电脑出现故障需要维修',NULL),(40,'Finace001','2016-02-20 00:00:00',1,1200,'电脑出现故障需要维修',NULL),(41,'Finace001','2016-02-20 00:00:00',1,1200,'电脑出现故障需要维修',NULL),(42,'Finace001','2016-02-20 00:00:00',1,1200,'电脑出现故障需要维修',NULL),(43,'Finace001','2016-02-20 00:00:00',1,1200,'电脑出现故障需要维修',NULL),(44,'Finace001','2016-02-20 00:00:00',1,1200,'电脑出现故障需要维修',NULL),(45,'Finace001','2016-02-20 00:00:00',1,1200,'电脑出现故障需要维修',NULL),(46,'Finace001','2016-02-20 00:00:00',1,1200,'电脑出现故障需要维修',NULL),(47,'Finace001','2016-02-20 00:00:00',1,1200,'电脑出现故障需要维修',NULL),(48,'Finace001','2016-02-20 00:00:00',1,1200,'电脑出现故障需要维修',NULL),(49,'Finace001','2016-02-20 00:00:00',1,1200,'电脑出现故障需要维修',NULL),(50,'Finace001','2016-02-20 00:00:00',1,1200,'电脑出现故障需要维修',NULL),(51,'Finace001','2016-02-20 00:00:00',1,1200,'电脑出现故障需要维修',NULL),(52,'Finace001','2016-02-20 00:00:00',1,1200,'电脑出现故障需要维修',NULL),(53,'Finace001','2016-02-20 00:00:00',1,1200,'电脑出现故障需要维修',NULL),(54,'Finace001','2016-02-20 00:00:00',1,1200,'电脑出现故障需要维修',NULL),(55,'Finace001','2016-02-20 00:00:00',1,1200,'电脑出现故障需要维修',NULL),(56,'Finace001','2016-02-20 00:00:00',1,1200,'电脑出现故障需要维修',NULL),(57,'Finace001','2016-02-20 00:00:00',1,1200,'电脑出现故障需要维修',NULL),(58,'Finace001','2016-02-20 00:00:00',1,1200,'电脑出现故障需要维修',NULL),(59,'Finace001','2016-02-20 00:00:00',1,1200,'电脑出现故障需要维修',NULL),(60,'Finace001','2016-02-20 00:00:00',1,1200,'电脑出现故障需要维修',NULL),(61,'Finace001','2016-02-20 00:00:00',1,1200,'电脑出现故障需要维修',NULL),(62,'Finace001','2016-02-20 00:00:00',1,1200,'电脑出现故障需要维修',NULL),(63,'Finace001','2016-02-20 00:00:00',1,1200,'电脑出现故障需要维修',NULL),(64,'Finace001','2016-02-20 00:00:00',1,1200,'电脑出现故障需要维修',NULL),(65,'Finace001','2016-02-20 00:00:00',1,1200,'电脑出现故障需要维修',NULL),(66,'Finace001','2016-02-20 00:00:00',1,1200,'电脑出现故障需要维修',NULL),(67,'Finace001','2016-02-20 00:00:00',1,1200,'电脑出现故障需要维修',NULL),(68,'Finace001','2016-02-20 00:00:00',1,1200,'电脑出现故障需要维修',NULL),(69,'Finace001','2016-02-20 00:00:00',1,1200,'电脑出现故障需要维修',NULL),(70,'Finace001','2016-02-20 00:00:00',1,1200,'电脑出现故障需要维修',NULL),(71,'Finace001','2016-02-20 00:00:00',1,1200,'电脑出现故障需要维修',NULL),(72,'Finace001','2016-02-20 00:00:00',1,1200,'电脑出现故障需要维修',NULL),(73,'Finace001','2016-02-20 00:00:00',1,1200,'电脑出现故障需要维修',NULL),(74,'Finace001','2016-02-20 00:00:00',1,1200,'电脑出现故障需要维修',NULL),(75,'Finace001','2016-02-20 00:00:00',1,1200,'电脑出现故障需要维修',NULL),(76,'Finace001','2016-02-20 00:00:00',1,1200,'电脑出现故障需要维修',NULL),(77,'Finace001','2016-02-20 00:00:00',1,1200,'电脑出现故障需要维修',NULL),(78,'Finace001','2016-02-20 00:00:00',1,1200,'电脑出现故障需要维修',NULL),(79,'Finace001','2016-02-20 00:00:00',1,1200,'电脑出现故障需要维修',NULL),(80,'Finace001','2016-02-20 00:00:00',1,1200,'电脑出现故障需要维修',NULL),(81,'Finace001','2016-02-20 00:00:00',1,1200,'电脑出现故障需要维修',NULL),(82,'Finace001','2016-02-20 00:00:00',1,1200,'电脑出现故障需要维修',NULL),(83,'Finace001','2016-02-20 00:00:00',1,1200,'电脑出现故障需要维修',NULL),(84,'Finace001','2016-02-20 00:00:00',1,1200,'电脑出现故障需要维修',NULL),(85,'Finace001','2016-02-20 00:00:00',1,1200,'电脑出现故障需要维修',NULL),(86,'Finace001','2016-02-20 00:00:00',1,1200,'电脑出现故障需要维修',NULL),(87,'Finace001','2016-02-20 00:00:00',1,1200,'电脑出现故障需要维修',NULL),(88,'Finace001','2016-02-20 00:00:00',1,1200,'电脑出现故障需要维修',NULL),(89,'Finace001','2016-02-20 00:00:00',1,1200,'电脑出现故障需要维修',NULL),(90,'Finace001','2016-02-20 00:00:00',1,1200,'电脑出现故障需要维修',NULL),(91,'Finace001','2016-02-20 00:00:00',1,1200,'电脑出现故障需要维修',NULL),(92,'Finace001','2016-02-20 00:00:00',1,1200,'电脑出现故障需要维修',NULL),(93,'Finace001','2016-02-20 00:00:00',1,1200,'电脑出现故障需要维修',NULL),(94,'Finace001','2016-02-20 00:00:00',1,1200,'电脑出现故障需要维修',NULL),(95,'Finace001','2016-02-20 00:00:00',1,1200,'电脑出现故障需要维修',NULL),(96,'Finace001','2016-02-20 00:00:00',1,1200,'电脑出现故障需要维修',NULL),(97,'Finace001','2016-02-20 00:00:00',1,1200,'电脑出现故障需要维修',NULL),(98,'Finace001','2016-02-20 00:00:00',1,1200,'电脑出现故障需要维修',NULL),(99,'Finace001','2016-02-20 00:00:00',1,1200,'电脑出现故障需要维修',NULL),(100,'Finace001','2016-02-20 00:00:00',1,1200,'电脑出现故障需要维修',NULL),(102,'Finace002','2016-02-10 00:00:00',0,300,'门窗维修',NULL),(103,'Finace002','2016-02-10 00:00:00',0,300,'门窗维修',NULL),(104,'Finace002','2016-02-10 00:00:00',0,300,'门窗维修',NULL),(105,'Finace002','2016-02-10 00:00:00',0,300,'门窗维修',NULL),(106,'Finace002','2016-02-10 00:00:00',0,300,'门窗维修',NULL),(107,'Finace002','2016-02-10 00:00:00',0,300,'门窗维修',NULL),(108,'Finace002','2016-02-10 00:00:00',0,300,'门窗维修',NULL),(109,'Finace002','2016-02-10 00:00:00',0,300,'门窗维修',NULL),(110,'Finace002','2016-02-10 00:00:00',0,300,'门窗维修',NULL),(111,'Finace002','2016-02-10 00:00:00',0,300,'门窗维修',NULL),(112,'Finace002','2016-02-10 00:00:00',0,300,'门窗维修',NULL),(113,'Finace002','2016-02-10 00:00:00',0,300,'门窗维修',NULL),(114,'Finace002','2016-02-10 00:00:00',0,300,'门窗维修',NULL),(115,'Finace002','2016-02-10 00:00:00',0,300,'门窗维修',NULL),(116,'Finace002','2016-02-10 00:00:00',0,300,'门窗维修',NULL),(117,'Finace002','2016-02-10 00:00:00',0,300,'门窗维修',NULL),(118,'Finace002','2016-02-10 00:00:00',0,300,'门窗维修',NULL),(119,'Finace002','2016-02-10 00:00:00',0,300,'门窗维修',NULL),(120,'Finace002','2016-02-10 00:00:00',0,300,'门窗维修',NULL),(121,'Finace002','2016-02-10 00:00:00',0,300,'门窗维修',NULL),(122,'Finace002','2016-02-10 00:00:00',0,300,'门窗维修',NULL),(123,'Finace002','2016-02-10 00:00:00',0,300,'门窗维修',NULL),(124,'Finace002','2016-02-10 00:00:00',0,300,'门窗维修',NULL),(125,'Finace002','2016-02-10 00:00:00',0,300,'门窗维修',NULL),(126,'Finace002','2016-02-10 00:00:00',0,300,'门窗维修',NULL),(127,'Finace002','2016-02-10 00:00:00',0,300,'门窗维修',NULL),(128,'Finace002','2016-02-10 00:00:00',0,300,'门窗维修',NULL),(129,'Finace002','2016-02-10 00:00:00',0,300,'门窗维修',NULL),(130,'Finace002','2016-02-10 00:00:00',0,300,'门窗维修',NULL),(131,'Finace002','2016-02-10 00:00:00',0,300,'门窗维修',NULL),(132,'Finace002','2016-02-10 00:00:00',0,300,'门窗维修',NULL),(133,'Finace002','2016-02-10 00:00:00',0,300,'门窗维修',NULL),(134,'Finace002','2016-02-10 00:00:00',0,300,'门窗维修',NULL),(135,'Finace002','2016-02-10 00:00:00',0,300,'门窗维修',NULL),(136,'Finace002','2016-02-10 00:00:00',0,300,'门窗维修',NULL),(137,'Finace002','2016-02-10 00:00:00',0,300,'门窗维修',NULL),(138,'Finace002','2016-02-10 00:00:00',0,300,'门窗维修',NULL),(139,'Finace002','2016-02-10 00:00:00',0,300,'门窗维修',NULL),(140,'Finace002','2016-02-10 00:00:00',0,300,'门窗维修',NULL),(141,'Finace002','2016-02-10 00:00:00',0,300,'门窗维修',NULL),(142,'Finace002','2016-02-10 00:00:00',0,300,'门窗维修',NULL),(143,'Finace002','2016-02-10 00:00:00',0,300,'门窗维修',NULL),(144,'Finace002','2016-02-10 00:00:00',0,300,'门窗维修',NULL),(145,'Finace002','2016-02-10 00:00:00',0,300,'门窗维修',NULL),(146,'Finace002','2016-02-10 00:00:00',0,300,'门窗维修',NULL),(147,'Finace002','2016-02-10 00:00:00',0,300,'门窗维修',NULL),(148,'Finace002','2016-02-10 00:00:00',0,300,'门窗维修',NULL),(149,'Finace002','2016-02-10 00:00:00',0,300,'门窗维修',NULL),(150,'Finace002','2016-02-10 00:00:00',0,300,'门窗维修',NULL),(151,'Finace002','2016-02-10 00:00:00',0,300,'门窗维修',NULL),(152,'Finace002','2016-02-10 00:00:00',0,300,'门窗维修',NULL),(153,'Finace002','2016-02-10 00:00:00',0,300,'门窗维修',NULL),(154,'Finace002','2016-02-10 00:00:00',0,300,'门窗维修',NULL),(155,'Finace002','2016-02-10 00:00:00',0,300,'门窗维修',NULL),(156,'Finace002','2016-02-10 00:00:00',0,300,'门窗维修',NULL),(157,'Finace002','2016-02-10 00:00:00',0,300,'门窗维修',NULL),(158,'Finace002','2016-02-10 00:00:00',0,300,'门窗维修',NULL),(159,'Finace002','2016-02-10 00:00:00',0,300,'门窗维修',NULL),(160,'Finace002','2016-02-10 00:00:00',0,300,'门窗维修',NULL),(161,'Finace002','2016-02-10 00:00:00',0,300,'门窗维修',NULL),(162,'Finace002','2016-02-10 00:00:00',0,300,'门窗维修',NULL),(163,'Finace002','2016-02-10 00:00:00',0,300,'门窗维修',NULL),(164,'Finace002','2016-02-10 00:00:00',0,300,'门窗维修',NULL),(165,'Finace002','2016-02-10 00:00:00',0,300,'门窗维修',NULL),(166,'Finace002','2016-02-10 00:00:00',0,300,'门窗维修',NULL),(167,'Finace002','2016-02-10 00:00:00',0,300,'门窗维修',NULL),(168,'Finace002','2016-02-10 00:00:00',0,300,'门窗维修',NULL),(169,'Finace002','2016-02-10 00:00:00',0,300,'门窗维修',NULL),(170,'Finace002','2016-02-10 00:00:00',0,300,'门窗维修',NULL),(171,'Finace002','2016-02-10 00:00:00',0,300,'门窗维修',NULL),(172,'Finace002','2016-02-10 00:00:00',0,300,'门窗维修',NULL),(173,'Finace002','2016-02-10 00:00:00',0,300,'门窗维修',NULL),(174,'Finace002','2016-02-10 00:00:00',0,300,'门窗维修',NULL),(175,'Finace002','2016-02-10 00:00:00',0,300,'门窗维修',NULL),(176,'Finace002','2016-02-10 00:00:00',0,300,'门窗维修',NULL),(177,'Finace002','2016-02-10 00:00:00',0,300,'门窗维修',NULL),(178,'Finace002','2016-02-10 00:00:00',0,300,'门窗维修',NULL),(179,'Finace002','2016-02-10 00:00:00',0,300,'门窗维修',NULL),(180,'Finace002','2016-02-10 00:00:00',0,300,'门窗维修',NULL),(181,'Finace002','2016-02-10 00:00:00',0,300,'门窗维修',NULL),(182,'Finace002','2016-02-10 00:00:00',0,300,'门窗维修',NULL),(183,'Finace002','2016-02-10 00:00:00',0,300,'门窗维修',NULL),(184,'Finace002','2016-02-10 00:00:00',0,300,'门窗维修',NULL),(185,'Finace002','2016-02-10 00:00:00',0,300,'门窗维修',NULL),(186,'Finace002','2016-02-10 00:00:00',0,300,'门窗维修',NULL),(187,'Finace002','2016-02-10 00:00:00',0,300,'门窗维修',NULL),(188,'Finace002','2016-02-10 00:00:00',0,300,'门窗维修',NULL),(189,'Finace002','2016-02-10 00:00:00',0,300,'门窗维修',NULL),(190,'Finace002','2016-02-10 00:00:00',0,300,'门窗维修',NULL),(191,'Finace002','2016-02-10 00:00:00',0,300,'门窗维修',NULL),(192,'Finace002','2016-02-10 00:00:00',0,300,'门窗维修',NULL),(193,'Finace002','2016-02-10 00:00:00',0,300,'门窗维修',NULL),(194,'Finace002','2016-02-10 00:00:00',0,300,'门窗维修',NULL),(195,'Finace002','2016-02-10 00:00:00',0,300,'门窗维修',NULL),(196,'Finace002','2016-02-10 00:00:00',0,300,'门窗维修',NULL),(197,'Finace002','2016-02-10 00:00:00',0,300,'门窗维修',NULL),(198,'Finace002','2016-02-10 00:00:00',0,300,'门窗维修',NULL),(199,'Finace002','2016-02-10 00:00:00',0,300,'门窗维修',NULL),(200,'Finace002','2016-02-10 00:00:00',0,300,'门窗维修',NULL),(201,'Finace002','2016-02-10 00:00:00',0,300,'门窗维修',NULL),(202,'Humansource02','2016-02-10 00:00:00',0,600,'出差报销',NULL),(203,'Humansource02','2016-02-10 00:00:00',0,600,'出差报销',NULL),(204,'Humansource02','2016-02-10 00:00:00',0,600,'出差报销',NULL),(205,'Humansource02','2016-02-10 00:00:00',0,600,'出差报销',NULL),(206,'Humansource02','2016-02-10 00:00:00',0,600,'出差报销',NULL),(207,'Humansource02','2016-02-10 00:00:00',0,600,'出差报销',NULL),(208,'Humansource02','2016-02-10 00:00:00',0,600,'出差报销',NULL),(209,'Humansource02','2016-02-10 00:00:00',0,600,'出差报销',NULL),(210,'Humansource02','2016-02-10 00:00:00',0,600,'出差报销',NULL),(211,'Humansource02','2016-02-10 00:00:00',0,600,'出差报销',NULL),(212,'Humansource02','2016-02-10 00:00:00',0,600,'出差报销',NULL),(213,'Humansource02','2016-02-10 00:00:00',0,600,'出差报销',NULL),(214,'Humansource02','2016-02-10 00:00:00',0,600,'出差报销',NULL),(215,'Humansource02','2016-02-10 00:00:00',0,600,'出差报销',NULL),(216,'Humansource02','2016-02-10 00:00:00',0,600,'出差报销',NULL),(217,'Humansource02','2016-02-10 00:00:00',0,600,'出差报销',NULL),(218,'Humansource02','2016-02-10 00:00:00',0,600,'出差报销',NULL),(219,'Humansource02','2016-02-10 00:00:00',0,600,'出差报销',NULL),(220,'Humansource02','2016-02-10 00:00:00',0,600,'出差报销',NULL),(221,'Humansource02','2016-02-10 00:00:00',0,600,'出差报销',NULL),(222,'Humansource02','2016-02-10 00:00:00',0,600,'出差报销',NULL),(223,'Humansource02','2016-02-10 00:00:00',0,600,'出差报销',NULL),(224,'Humansource02','2016-02-10 00:00:00',0,600,'出差报销',NULL),(225,'Humansource02','2016-02-10 00:00:00',0,600,'出差报销',NULL),(226,'Humansource02','2016-02-10 00:00:00',0,600,'出差报销',NULL),(227,'Humansource02','2016-02-10 00:00:00',0,600,'出差报销',NULL),(228,'Humansource02','2016-02-10 00:00:00',0,600,'出差报销',NULL),(229,'Humansource02','2016-02-10 00:00:00',0,600,'出差报销',NULL),(230,'Humansource02','2016-02-10 00:00:00',0,600,'出差报销',NULL),(231,'Humansource02','2016-02-10 00:00:00',0,600,'出差报销',NULL),(232,'Humansource02','2016-02-10 00:00:00',0,600,'出差报销',NULL),(233,'Humansource02','2016-02-10 00:00:00',0,600,'出差报销',NULL),(234,'Humansource02','2016-02-10 00:00:00',0,600,'出差报销',NULL),(235,'Humansource02','2016-02-10 00:00:00',0,600,'出差报销',NULL),(236,'Humansource02','2016-02-10 00:00:00',0,600,'出差报销',NULL),(237,'Humansource02','2016-02-10 00:00:00',0,600,'出差报销',NULL),(238,'Humansource02','2016-02-10 00:00:00',0,600,'出差报销',NULL),(239,'Humansource02','2016-02-10 00:00:00',0,600,'出差报销',NULL),(240,'Humansource02','2016-02-10 00:00:00',0,600,'出差报销',NULL),(241,'Humansource02','2016-02-10 00:00:00',0,600,'出差报销',NULL),(242,'Humansource02','2016-02-10 00:00:00',0,600,'出差报销',NULL),(243,'Humansource02','2016-02-10 00:00:00',0,600,'出差报销',NULL),(244,'Humansource02','2016-02-10 00:00:00',0,600,'出差报销',NULL),(245,'Humansource02','2016-02-10 00:00:00',0,600,'出差报销',NULL),(246,'Humansource02','2016-02-10 00:00:00',0,600,'出差报销',NULL),(247,'Humansource02','2016-02-10 00:00:00',0,600,'出差报销',NULL),(248,'Humansource02','2016-02-10 00:00:00',0,600,'出差报销',NULL),(249,'Humansource02','2016-02-10 00:00:00',0,600,'出差报销',NULL),(250,'Humansource02','2016-02-10 00:00:00',0,600,'出差报销',NULL),(251,'Humansource02','2016-02-10 00:00:00',0,600,'出差报销',NULL),(252,'Humansource02','2016-02-10 00:00:00',0,600,'出差报销',NULL),(253,'Humansource02','2016-02-10 00:00:00',0,600,'出差报销',NULL),(254,'Humansource02','2016-02-10 00:00:00',0,600,'出差报销',NULL),(255,'Humansource02','2016-02-10 00:00:00',0,600,'出差报销',NULL),(256,'Humansource02','2016-02-10 00:00:00',0,600,'出差报销',NULL),(257,'Humansource02','2016-02-10 00:00:00',0,600,'出差报销',NULL),(258,'Humansource02','2016-02-10 00:00:00',0,600,'出差报销',NULL),(259,'Humansource02','2016-02-10 00:00:00',0,600,'出差报销',NULL),(260,'Humansource02','2016-02-10 00:00:00',0,600,'出差报销',NULL),(261,'Humansource02','2016-02-10 00:00:00',0,600,'出差报销',NULL),(262,'Humansource02','2016-02-10 00:00:00',0,600,'出差报销',NULL),(263,'Humansource02','2016-02-10 00:00:00',0,600,'出差报销',NULL),(264,'Humansource02','2016-02-10 00:00:00',0,600,'出差报销',NULL),(265,'Humansource02','2016-02-10 00:00:00',0,600,'出差报销',NULL),(266,'Humansource02','2016-02-10 00:00:00',0,600,'出差报销',NULL),(267,'Humansource02','2016-02-10 00:00:00',0,600,'出差报销',NULL),(268,'Humansource02','2016-02-10 00:00:00',0,600,'出差报销',NULL),(269,'Humansource02','2016-02-10 00:00:00',0,600,'出差报销',NULL),(270,'Humansource02','2016-02-10 00:00:00',0,600,'出差报销',NULL),(271,'Humansource02','2016-02-10 00:00:00',0,600,'出差报销',NULL),(272,'Humansource02','2016-02-10 00:00:00',0,600,'出差报销',NULL),(273,'Humansource02','2016-02-10 00:00:00',0,600,'出差报销',NULL),(274,'Humansource02','2016-02-10 00:00:00',0,600,'出差报销',NULL),(275,'Humansource02','2016-02-10 00:00:00',0,600,'出差报销',NULL),(276,'Humansource02','2016-02-10 00:00:00',0,600,'出差报销',NULL),(277,'Humansource02','2016-02-10 00:00:00',0,600,'出差报销',NULL),(278,'Humansource02','2016-02-10 00:00:00',0,600,'出差报销',NULL),(279,'Humansource02','2016-02-10 00:00:00',0,600,'出差报销',NULL),(280,'Humansource02','2016-02-10 00:00:00',0,600,'出差报销',NULL),(281,'Humansource02','2016-02-10 00:00:00',0,600,'出差报销',NULL),(282,'Humansource02','2016-02-10 00:00:00',0,600,'出差报销',NULL),(283,'Humansource02','2016-02-10 00:00:00',0,600,'出差报销',NULL),(284,'Humansource02','2016-02-10 00:00:00',0,600,'出差报销',NULL),(285,'Humansource02','2016-02-10 00:00:00',0,600,'出差报销',NULL),(286,'Humansource02','2016-02-10 00:00:00',0,600,'出差报销',NULL),(287,'Humansource02','2016-02-10 00:00:00',0,600,'出差报销',NULL),(288,'Humansource02','2016-02-10 00:00:00',0,600,'出差报销',NULL),(289,'Humansource02','2016-02-10 00:00:00',0,600,'出差报销',NULL),(290,'Humansource02','2016-02-10 00:00:00',0,600,'出差报销',NULL),(291,'Humansource02','2016-02-10 00:00:00',0,600,'出差报销',NULL),(292,'Humansource02','2016-02-10 00:00:00',0,600,'出差报销',NULL),(293,'Humansource02','2016-02-10 00:00:00',0,600,'出差报销',NULL),(294,'Humansource02','2016-02-10 00:00:00',0,600,'出差报销',NULL),(295,'Humansource02','2016-02-10 00:00:00',0,600,'出差报销',NULL),(296,'Humansource02','2016-02-10 00:00:00',0,600,'出差报销',NULL),(297,'Humansource02','2016-02-10 00:00:00',0,600,'出差报销',NULL),(298,'Humansource02','2016-02-10 00:00:00',0,600,'出差报销',NULL),(299,'Humansource02','2016-02-10 00:00:00',0,600,'出差报销',NULL),(300,'Humansource02','2016-02-10 00:00:00',0,600,'出差报销',NULL),(301,'Humansource02','2016-02-10 00:00:00',0,600,'出差报销',NULL),(302,'Investment01','2016-02-10 00:00:00',0,600000,'广告投资赞助三生三世十里桃花',NULL),(303,'Service01','2016-02-10 00:00:00',0,6000,'电话维修',NULL),(304,'Business01','2016-02-10 00:00:00',1,704009.85,'业务办理收入',NULL),(305,'Business01','2016-02-10 00:00:00',1,504009.85,'业务办理收入',NULL),(306,'Business01','2016-02-10 00:00:00',1,504009.85,'业务办理收入',NULL),(307,'Business01','2016-03-10 00:00:00',1,404002.85,'业务办理收入',NULL),(308,'Business01','2016-03-10 00:00:00',1,404102.85,'业务办理收入',NULL),(309,'Business01','2016-03-10 00:00:00',1,404302.85,'业务办理收入',NULL),(310,'Business01','2016-03-10 00:00:00',1,404602.85,'业务办理收入',NULL),(311,'Business01','2016-03-10 00:00:00',1,405002.85,'业务办理收入',NULL),(312,'Business01','2016-03-10 00:00:00',1,405502.85,'业务办理收入',NULL),(313,'Business01','2016-03-10 00:00:00',1,406102.85,'业务办理收入',NULL),(314,'Business01','2016-03-10 00:00:00',1,406802.85,'业务办理收入',NULL),(315,'Business01','2016-03-10 00:00:00',1,407602.85,'业务办理收入',NULL),(316,'Business01','2016-03-10 00:00:00',1,408502.85,'业务办理收入',NULL),(317,'Business01','2016-03-10 00:00:00',1,409502.85,'业务办理收入',NULL),(318,'Business01','2016-03-10 00:00:00',1,410602.85,'业务办理收入',NULL),(319,'Business01','2016-03-10 00:00:00',1,411802.85,'业务办理收入',NULL),(320,'Business01','2016-03-10 00:00:00',1,413102.85,'业务办理收入',NULL),(321,'Business01','2016-03-10 00:00:00',1,414502.85,'业务办理收入',NULL),(322,'Business01','2016-03-10 00:00:00',1,416002.85,'业务办理收入',NULL),(323,'Business01','2016-03-10 00:00:00',1,417602.85,'业务办理收入',NULL),(324,'Business01','2016-03-10 00:00:00',1,419302.85,'业务办理收入',NULL),(325,'Business01','2016-03-10 00:00:00',1,421102.85,'业务办理收入',NULL),(326,'Business01','2016-03-10 00:00:00',1,423002.85,'业务办理收入',NULL),(327,'Business01','2016-03-10 00:00:00',1,425002.85,'业务办理收入',NULL),(328,'Business01','2016-03-10 00:00:00',1,427102.85,'业务办理收入',NULL),(329,'Business01','2016-03-10 00:00:00',1,429302.85,'业务办理收入',NULL),(330,'Business01','2016-03-10 00:00:00',1,431602.85,'业务办理收入',NULL),(331,'Business01','2016-03-10 00:00:00',1,434002.85,'业务办理收入',NULL),(332,'Business01','2016-03-10 00:00:00',1,436502.85,'业务办理收入',NULL),(333,'Business01','2016-03-10 00:00:00',1,439102.85,'业务办理收入',NULL),(334,'Business01','2016-03-10 00:00:00',1,441802.85,'业务办理收入',NULL),(335,'Business01','2016-03-10 00:00:00',1,444602.85,'业务办理收入',NULL),(336,'Business01','2016-03-10 00:00:00',1,447502.85,'业务办理收入',NULL),(337,'Business01','2016-03-10 00:00:00',1,450502.85,'业务办理收入',NULL),(338,'Business01','2016-03-10 00:00:00',1,453602.85,'业务办理收入',NULL),(339,'Business01','2016-03-10 00:00:00',1,456802.85,'业务办理收入',NULL),(340,'Business01','2016-03-10 00:00:00',1,460102.85,'业务办理收入',NULL),(341,'Business01','2016-03-10 00:00:00',1,463502.85,'业务办理收入',NULL),(342,'Business01','2016-03-10 00:00:00',1,467002.85,'业务办理收入',NULL),(343,'Business01','2016-03-10 00:00:00',1,470602.85,'业务办理收入',NULL),(344,'Business01','2016-03-10 00:00:00',1,474302.85,'业务办理收入',NULL),(345,'Business01','2016-03-10 00:00:00',1,478102.85,'业务办理收入',NULL),(346,'Business01','2016-03-10 00:00:00',1,482002.85,'业务办理收入',NULL),(347,'Business01','2016-03-10 00:00:00',1,486002.85,'业务办理收入',NULL),(348,'Business01','2016-03-10 00:00:00',1,490102.85,'业务办理收入',NULL),(349,'Business01','2016-03-10 00:00:00',1,494302.85,'业务办理收入',NULL),(350,'Business01','2016-03-10 00:00:00',1,498602.85,'业务办理收入',NULL),(351,'Business01','2016-03-10 00:00:00',1,503002.85,'业务办理收入',NULL),(352,'Business01','2016-03-10 00:00:00',1,507502.85,'业务办理收入',NULL),(353,'Business01','2016-03-10 00:00:00',1,512102.85,'业务办理收入',NULL),(354,'Business01','2016-03-10 00:00:00',1,516802.85,'业务办理收入',NULL),(355,'Business01','2016-03-10 00:00:00',1,521602.85,'业务办理收入',NULL),(356,'Business01','2016-03-10 00:00:00',1,526502.85,'业务办理收入',NULL),(357,'Business01','2016-03-10 00:00:00',1,531502.85,'业务办理收入',NULL),(358,'Business01','2016-03-10 00:00:00',1,536602.85,'业务办理收入',NULL),(359,'Business01','2016-03-10 00:00:00',1,541802.85,'业务办理收入',NULL),(360,'Business01','2016-03-10 00:00:00',1,547102.85,'业务办理收入',NULL),(361,'Business01','2016-03-10 00:00:00',1,552502.85,'业务办理收入',NULL),(362,'Business01','2016-03-10 00:00:00',1,558002.85,'业务办理收入',NULL),(363,'Business01','2016-03-10 00:00:00',1,563602.85,'业务办理收入',NULL),(364,'Business01','2016-03-10 00:00:00',1,569302.85,'业务办理收入',NULL),(365,'Business01','2016-03-10 00:00:00',1,575102.85,'业务办理收入',NULL),(366,'Business01','2016-03-10 00:00:00',1,581002.85,'业务办理收入',NULL),(367,'Business01','2016-03-10 00:00:00',1,587002.85,'业务办理收入',NULL),(368,'Business01','2016-03-10 00:00:00',1,593102.85,'业务办理收入',NULL),(369,'Business01','2016-03-10 00:00:00',1,599302.85,'业务办理收入',NULL),(370,'Business01','2016-03-10 00:00:00',1,605602.85,'业务办理收入',NULL),(371,'Business01','2016-03-10 00:00:00',1,612002.85,'业务办理收入',NULL),(372,'Business01','2016-03-10 00:00:00',1,618502.85,'业务办理收入',NULL),(373,'Business01','2016-03-10 00:00:00',1,625102.85,'业务办理收入',NULL),(374,'Business01','2016-03-10 00:00:00',1,631802.85,'业务办理收入',NULL),(375,'Business01','2016-03-10 00:00:00',1,638602.85,'业务办理收入',NULL),(376,'Business01','2016-03-10 00:00:00',1,645502.85,'业务办理收入',NULL),(377,'Business01','2016-03-10 00:00:00',1,652502.85,'业务办理收入',NULL),(378,'Business01','2016-03-10 00:00:00',1,659602.85,'业务办理收入',NULL),(379,'Business01','2016-03-10 00:00:00',1,666802.85,'业务办理收入',NULL),(380,'Business01','2016-03-10 00:00:00',1,674102.85,'业务办理收入',NULL),(381,'Business01','2016-03-10 00:00:00',1,681502.85,'业务办理收入',NULL),(382,'Business01','2016-03-10 00:00:00',1,689002.85,'业务办理收入',NULL),(383,'Business01','2016-03-10 00:00:00',1,696602.85,'业务办理收入',NULL),(384,'Business01','2016-03-10 00:00:00',1,704302.85,'业务办理收入',NULL),(385,'Business01','2016-03-10 00:00:00',1,712102.85,'业务办理收入',NULL),(386,'Business01','2016-03-10 00:00:00',1,720002.85,'业务办理收入',NULL),(387,'Business01','2016-03-10 00:00:00',1,728002.85,'业务办理收入',NULL),(388,'Business01','2016-03-10 00:00:00',1,736102.85,'业务办理收入',NULL),(389,'Business01','2016-03-10 00:00:00',1,744302.85,'业务办理收入',NULL),(390,'Business01','2016-03-10 00:00:00',1,752602.85,'业务办理收入',NULL),(391,'Business01','2016-03-10 00:00:00',1,761002.85,'业务办理收入',NULL),(392,'Business01','2016-03-10 00:00:00',1,769502.85,'业务办理收入',NULL),(393,'Business01','2016-03-10 00:00:00',1,778102.85,'业务办理收入',NULL),(394,'Business01','2016-03-10 00:00:00',1,786802.85,'业务办理收入',NULL),(395,'Business01','2016-03-10 00:00:00',1,795602.85,'业务办理收入',NULL),(396,'Business01','2016-03-10 00:00:00',1,804502.85,'业务办理收入',NULL),(397,'Business01','2016-03-10 00:00:00',1,813502.85,'业务办理收入',NULL),(398,'Business01','2016-03-10 00:00:00',1,822602.85,'业务办理收入',NULL),(399,'Business01','2016-03-10 00:00:00',1,831802.85,'业务办理收入',NULL),(400,'Business01','2016-03-10 00:00:00',1,841102.85,'业务办理收入',NULL),(401,'Business01','2016-03-10 00:00:00',1,850502.85,'业务办理收入',NULL),(402,'Business01','2016-03-10 00:00:00',1,860002.85,'业务办理收入',NULL),(403,'Business01','2016-03-10 00:00:00',1,869602.85,'业务办理收入',NULL),(404,'Business01','2016-03-10 00:00:00',1,879302.85,'业务办理收入',NULL),(405,'Business01','2016-03-10 00:00:00',1,889102.85,'业务办理收入',NULL),(406,'Business01','2016-03-10 00:00:00',1,899002.85,'业务办理收入',NULL),(701,'Business01','2016-03-10 00:00:00',1,404002.85,'业务办理收入',NULL),(702,'Business01','2016-03-10 00:00:00',1,404102.85,'业务办理收入',NULL),(703,'Business01','2016-03-10 00:00:00',1,404302.85,'业务办理收入',NULL),(704,'Business01','2016-03-10 00:00:00',1,404602.85,'业务办理收入',NULL),(705,'Business01','2016-03-10 00:00:00',1,405002.85,'业务办理收入',NULL),(706,'Business01','2016-03-10 00:00:00',1,405502.85,'业务办理收入',NULL),(707,'Business01','2016-03-10 00:00:00',1,406102.85,'业务办理收入',NULL),(708,'Business01','2016-03-10 00:00:00',1,406802.85,'业务办理收入',NULL),(709,'Business01','2016-03-10 00:00:00',1,407602.85,'业务办理收入',NULL),(710,'Business01','2016-03-10 00:00:00',1,408502.85,'业务办理收入',NULL),(711,'Business01','2016-03-10 00:00:00',1,409502.85,'业务办理收入',NULL),(712,'Business01','2016-03-10 00:00:00',1,410602.85,'业务办理收入',NULL),(713,'Business01','2016-03-10 00:00:00',1,411802.85,'业务办理收入',NULL),(714,'Business01','2016-03-10 00:00:00',1,413102.85,'业务办理收入',NULL),(715,'Business01','2016-03-10 00:00:00',1,414502.85,'业务办理收入',NULL),(716,'Business01','2016-03-10 00:00:00',1,416002.85,'业务办理收入',NULL),(717,'Business01','2016-03-10 00:00:00',1,417602.85,'业务办理收入',NULL),(718,'Business01','2016-03-10 00:00:00',1,419302.85,'业务办理收入',NULL),(719,'Business01','2016-03-10 00:00:00',1,421102.85,'业务办理收入',NULL),(720,'Business01','2016-03-10 00:00:00',1,423002.85,'业务办理收入',NULL),(721,'Business01','2016-03-10 00:00:00',1,425002.85,'业务办理收入',NULL),(722,'Business01','2016-03-10 00:00:00',1,427102.85,'业务办理收入',NULL),(723,'Business01','2016-03-10 00:00:00',1,429302.85,'业务办理收入',NULL),(724,'Business01','2016-03-10 00:00:00',1,431602.85,'业务办理收入',NULL),(725,'Business01','2016-03-10 00:00:00',1,434002.85,'业务办理收入',NULL),(726,'Business01','2016-03-10 00:00:00',1,436502.85,'业务办理收入',NULL),(727,'Business01','2016-03-10 00:00:00',1,439102.85,'业务办理收入',NULL),(728,'Business01','2016-03-10 00:00:00',1,441802.85,'业务办理收入',NULL),(729,'Business01','2016-03-10 00:00:00',1,444602.85,'业务办理收入',NULL),(730,'Business01','2016-03-10 00:00:00',1,447502.85,'业务办理收入',NULL),(731,'Business01','2016-03-10 00:00:00',1,450502.85,'业务办理收入',NULL),(732,'Business01','2016-03-10 00:00:00',1,453602.85,'业务办理收入',NULL),(733,'Business01','2016-03-10 00:00:00',1,456802.85,'业务办理收入',NULL),(734,'Business01','2016-03-10 00:00:00',1,460102.85,'业务办理收入',NULL),(735,'Business01','2016-03-10 00:00:00',1,463502.85,'业务办理收入',NULL),(736,'Business01','2016-03-10 00:00:00',1,467002.85,'业务办理收入',NULL),(737,'Business01','2016-03-10 00:00:00',1,470602.85,'业务办理收入',NULL),(738,'Business01','2016-03-10 00:00:00',1,474302.85,'业务办理收入',NULL),(739,'Business01','2016-03-10 00:00:00',1,478102.85,'业务办理收入',NULL),(740,'Business01','2016-03-10 00:00:00',1,482002.85,'业务办理收入',NULL),(741,'Business01','2016-03-10 00:00:00',1,486002.85,'业务办理收入',NULL),(742,'Business01','2016-03-10 00:00:00',1,490102.85,'业务办理收入',NULL),(743,'Business01','2016-03-10 00:00:00',1,494302.85,'业务办理收入',NULL),(744,'Business01','2016-03-10 00:00:00',1,498602.85,'业务办理收入',NULL),(745,'Business01','2016-03-10 00:00:00',1,503002.85,'业务办理收入',NULL),(746,'Business01','2016-03-10 00:00:00',1,507502.85,'业务办理收入',NULL),(747,'Business01','2016-03-10 00:00:00',1,512102.85,'业务办理收入',NULL),(748,'Business01','2016-03-10 00:00:00',1,516802.85,'业务办理收入',NULL),(749,'Business01','2016-03-10 00:00:00',1,521602.85,'业务办理收入',NULL),(750,'Business01','2016-03-10 00:00:00',1,526502.85,'业务办理收入',NULL),(751,'Business01','2016-03-10 00:00:00',1,531502.85,'业务办理收入',NULL),(752,'Business01','2016-03-10 00:00:00',1,536602.85,'业务办理收入',NULL),(753,'Business01','2016-03-10 00:00:00',1,541802.85,'业务办理收入',NULL),(754,'Business01','2016-03-10 00:00:00',1,547102.85,'业务办理收入',NULL),(755,'Business01','2016-03-10 00:00:00',1,552502.85,'业务办理收入',NULL),(756,'Business01','2016-03-10 00:00:00',1,558002.85,'业务办理收入',NULL),(757,'Business01','2016-03-10 00:00:00',1,563602.85,'业务办理收入',NULL),(758,'Business01','2016-03-10 00:00:00',1,569302.85,'业务办理收入',NULL),(759,'Business01','2016-03-10 00:00:00',1,575102.85,'业务办理收入',NULL),(760,'Business01','2016-03-10 00:00:00',1,581002.85,'业务办理收入',NULL),(761,'Business01','2016-03-10 00:00:00',1,587002.85,'业务办理收入',NULL),(762,'Business01','2016-03-10 00:00:00',1,593102.85,'业务办理收入',NULL),(763,'Business01','2016-03-10 00:00:00',1,599302.85,'业务办理收入',NULL),(764,'Business01','2016-03-10 00:00:00',1,605602.85,'业务办理收入',NULL),(765,'Business01','2016-03-10 00:00:00',1,612002.85,'业务办理收入',NULL),(766,'Business01','2016-03-10 00:00:00',1,618502.85,'业务办理收入',NULL),(767,'Business01','2016-03-10 00:00:00',1,625102.85,'业务办理收入',NULL),(768,'Business01','2016-03-10 00:00:00',1,631802.85,'业务办理收入',NULL),(769,'Business01','2016-03-10 00:00:00',1,638602.85,'业务办理收入',NULL),(770,'Business01','2016-03-10 00:00:00',1,645502.85,'业务办理收入',NULL),(771,'Business01','2016-03-10 00:00:00',1,652502.85,'业务办理收入',NULL),(772,'Business01','2016-03-10 00:00:00',1,659602.85,'业务办理收入',NULL),(773,'Business01','2016-03-10 00:00:00',1,666802.85,'业务办理收入',NULL),(774,'Business01','2016-03-10 00:00:00',1,674102.85,'业务办理收入',NULL),(775,'Business01','2016-03-10 00:00:00',1,681502.85,'业务办理收入',NULL),(776,'Business01','2016-03-10 00:00:00',1,689002.85,'业务办理收入',NULL),(777,'Business01','2016-03-10 00:00:00',1,696602.85,'业务办理收入',NULL),(778,'Business01','2016-03-10 00:00:00',1,704302.85,'业务办理收入',NULL),(779,'Business01','2016-03-10 00:00:00',1,712102.85,'业务办理收入',NULL),(780,'Business01','2016-03-10 00:00:00',1,720002.85,'业务办理收入',NULL),(781,'Business01','2016-03-10 00:00:00',1,728002.85,'业务办理收入',NULL),(782,'Business01','2016-03-10 00:00:00',1,736102.85,'业务办理收入',NULL),(783,'Business01','2016-03-10 00:00:00',1,744302.85,'业务办理收入',NULL),(784,'Business01','2016-03-10 00:00:00',1,752602.85,'业务办理收入',NULL),(785,'Business01','2016-03-10 00:00:00',1,761002.85,'业务办理收入',NULL),(786,'Business01','2016-03-10 00:00:00',1,769502.85,'业务办理收入',NULL),(787,'Business01','2016-03-10 00:00:00',1,778102.85,'业务办理收入',NULL),(788,'Business01','2016-03-10 00:00:00',1,786802.85,'业务办理收入',NULL),(789,'Business01','2016-03-10 00:00:00',1,795602.85,'业务办理收入',NULL),(790,'Business01','2016-03-10 00:00:00',1,804502.85,'业务办理收入',NULL),(791,'Business01','2016-03-10 00:00:00',1,813502.85,'业务办理收入',NULL),(792,'Business01','2016-03-10 00:00:00',1,822602.85,'业务办理收入',NULL),(793,'Business01','2016-03-10 00:00:00',1,831802.85,'业务办理收入',NULL),(794,'Business01','2016-03-10 00:00:00',1,841102.85,'业务办理收入',NULL),(795,'Business01','2016-03-10 00:00:00',1,850502.85,'业务办理收入',NULL),(796,'Business01','2016-03-10 00:00:00',1,860002.85,'业务办理收入',NULL),(797,'Business01','2016-03-10 00:00:00',1,869602.85,'业务办理收入',NULL),(798,'Business01','2016-03-10 00:00:00',1,879302.85,'业务办理收入',NULL),(799,'Business01','2016-03-10 00:00:00',1,889102.85,'业务办理收入',NULL),(800,'Business01','2016-03-10 00:00:00',1,899002.85,'业务办理收入',NULL);
/*!40000 ALTER TABLE `Department_bill` ENABLE KEYS */;
UNLOCK TABLES;

--
-- Table structure for table `Investion_bill`
--

DROP TABLE IF EXISTS `Investion_bill`;
/*!40101 SET @saved_cs_client     = @@character_set_client */;
/*!40101 SET character_set_client = utf8 */;
CREATE TABLE `Investion_bill` (
  `ID` varchar(45) NOT NULL,
  `ProjectID` varchar(45) DEFAULT NULL,
  `PmID` varchar(45) DEFAULT NULL,
  `Date` datetime DEFAULT NULL,
  `IncomeorOutcome` int(11) DEFAULT NULL,
  `Quantity` double DEFAULT NULL,
  `description` varchar(100) DEFAULT NULL,
  `department_id` varchar(45) DEFAULT NULL,
  PRIMARY KEY (`ID`)
) ENGINE=InnoDB DEFAULT CHARSET=utf8;
/*!40101 SET character_set_client = @saved_cs_client */;

--
-- Dumping data for table `Investion_bill`
--

LOCK TABLES `Investion_bill` WRITE;
/*!40000 ALTER TABLE `Investion_bill` DISABLE KEYS */;
INSERT INTO `Investion_bill` VALUES ('pr00001','ad00001','m001','2017-01-12 00:00:00',0,22000,NULL,NULL),('pr00002','pd00001','m002','2017-01-12 00:00:00',0,12000,NULL,NULL),('pr00003','pd00001','m020','2017-01-12 00:00:00',0,30000,NULL,NULL),('pr00004','ad00002','m004','2017-01-12 00:00:00',0,20000,NULL,NULL),('pr00005','ad00001','m001','2017-01-12 00:00:00',0,22000,NULL,NULL),('pr00006','pd00001','m002','2017-01-12 00:00:00',0,12000,NULL,NULL),('pr00007','pd00001','m020','2017-01-12 00:00:00',0,30000,NULL,NULL),('pr00008','ad00002','m004','2017-01-12 00:00:00',0,20000,NULL,NULL),('pr00009','ad00001','m001','2016-10-12 00:00:00',0,22000,NULL,NULL),('pr00010','pd00001','m002','2016-10-12 00:00:00',0,12000,NULL,NULL),('pr00011','pd00001','m020','2016-10-12 00:00:00',0,30000,NULL,NULL),('pr00012','ad00002','m004','2016-10-12 00:00:00',0,20000,NULL,NULL);
/*!40000 ALTER TABLE `Investion_bill` ENABLE KEYS */;
UNLOCK TABLES;

--
-- Table structure for table `Salary_bill`
--

DROP TABLE IF EXISTS `Salary_bill`;
/*!40101 SET @saved_cs_client     = @@character_set_client */;
/*!40101 SET character_set_client = utf8 */;
CREATE TABLE `Salary_bill` (
  `ID` int(11) NOT NULL,
  `StaffID` varchar(45) DEFAULT NULL,
  `Month` int(11) DEFAULT NULL,
  `Salary` double DEFAULT NULL,
  `departmentId` varchar(45) DEFAULT NULL,
  PRIMARY KEY (`ID`)
) ENGINE=InnoDB DEFAULT CHARSET=utf8;
/*!40101 SET character_set_client = @saved_cs_client */;

--
-- Dumping data for table `Salary_bill`
--

LOCK TABLES `Salary_bill` WRITE;
/*!40000 ALTER TABLE `Salary_bill` DISABLE KEYS */;
INSERT INTO `Salary_bill` VALUES (1,'G0004',2,2000,NULL),(2,'G0004',3,2000,NULL),(3,'G0004',4,2000,NULL),(4,'G0004',5,2000,NULL),(5,'G0004',6,2000,NULL),(6,'G0004',7,2000,NULL),(7,'G0004',8,2000,NULL),(8,'G0004',9,2000,NULL),(9,'G0004',10,2000,NULL),(10,'G0004',11,2000,NULL),(12,'G0003',2,2000,NULL),(13,'G0003',3,2000,NULL),(14,'G0003',4,2000,NULL),(15,'G0003',5,2000,NULL),(16,'G0003',6,2000,NULL),(17,'G0003',7,2000,NULL),(18,'G0003',8,2000,NULL),(19,'G0003',9,2000,NULL),(20,'G0003',10,2000,NULL),(21,'G0003',11,2000,NULL),(22,'G0003',12,2000,NULL),(23,'G0003',1,2000,NULL),(24,'G0001',2,2000,NULL),(25,'G0001',3,2000,NULL),(26,'G0001',4,2000,NULL),(27,'G0001',5,2000,NULL),(28,'G0001',6,2000,NULL),(29,'G0001',7,2000,NULL),(30,'G0001',8,2000,NULL),(31,'G0001',9,2000,NULL),(32,'G0001',10,2000,NULL),(33,'G0001',11,2000,NULL),(34,'G0001',12,2000,NULL),(35,'G0001',1,2000,NULL),(36,'G0005',4,2000,NULL),(37,'G0005',5,2000,NULL),(38,'G0005',6,2000,NULL),(39,'G0005',7,2000,NULL),(40,'G0005',8,2000,NULL),(41,'G0005',9,2000,NULL),(42,'G0005',10,2000,NULL),(43,'G0005',11,2000,NULL),(44,'G0005',12,2000,NULL),(45,'G0005',1,2000,NULL),(47,'M0001',2,6000,NULL),(48,'M0001',3,6000,NULL),(49,'M0001',4,6000,NULL),(50,'M0001',5,6000,NULL),(51,'M0001',6,6000,NULL),(52,'M0001',7,6000,NULL),(53,'M0001',8,6000,NULL),(54,'M0001',9,6000,NULL),(55,'M0001',10,6000,NULL),(56,'M0001',11,6000,NULL),(57,'M0001',12,6000,NULL),(58,'M0001',1,6000,NULL),(59,'M0003',2,6000,NULL),(60,'M0003',3,6000,NULL),(61,'M0003',4,6000,NULL),(62,'M0003',5,6000,NULL),(63,'M0003',6,6000,NULL),(64,'M0003',7,6000,NULL),(65,'M0003',8,6000,NULL),(66,'M0003',9,6000,NULL),(67,'M0003',10,6000,NULL),(68,'M0003',11,6000,NULL),(69,'M0003',12,6000,NULL),(70,'M0003',1,6000,NULL),(71,'s0003',2,6000,NULL),(72,'s0003',3,6000,NULL),(73,'s0003',4,6000,NULL),(74,'s0003',5,6000,NULL),(75,'s0003',6,6000,NULL),(76,'s0003',7,6000,NULL),(77,'s0003',8,6000,NULL),(78,'s0003',9,6000,NULL),(79,'s0003',10,6000,NULL),(80,'s0003',11,6000,NULL),(81,'s0003',12,6000,NULL),(82,'s0003',1,6000,NULL);
/*!40000 ALTER TABLE `Salary_bill` ENABLE KEYS */;
UNLOCK TABLES;

--
-- Table structure for table `Service_bill`
--

DROP TABLE IF EXISTS `Service_bill`;
/*!40101 SET @saved_cs_client     = @@character_set_client */;
/*!40101 SET character_set_client = utf8 */;
CREATE TABLE `Service_bill` (
  `ID` int(11) NOT NULL,
  `StaffID` varchar(45) DEFAULT NULL,
  `Date` datetime DEFAULT NULL,
  `Quantity` double DEFAULT NULL,
  `description` varchar(100) DEFAULT NULL,
  `departmentid` varchar(45) DEFAULT NULL,
  PRIMARY KEY (`ID`)
) ENGINE=InnoDB DEFAULT CHARSET=utf8;
/*!40101 SET character_set_client = @saved_cs_client */;

--
-- Dumping data for table `Service_bill`
--

LOCK TABLES `Service_bill` WRITE;
/*!40000 ALTER TABLE `Service_bill` DISABLE KEYS */;
INSERT INTO `Service_bill` VALUES (0,'G0001','2016-04-10 00:00:00',100,NULL,NULL),(1,'G0001','2016-04-10 00:00:00',100,NULL,NULL),(3,'G0001','2016-04-10 00:00:00',100,NULL,NULL),(6,'G0001','2016-04-10 00:00:00',100,NULL,NULL),(10,'G0001','2016-04-10 00:00:00',100,NULL,NULL),(15,'G0001','2016-04-10 00:00:00',100,NULL,NULL),(21,'G0001','2016-04-10 00:00:00',100,NULL,NULL),(28,'G0001','2016-04-10 00:00:00',100,NULL,NULL),(36,'G0001','2016-04-10 00:00:00',100,NULL,NULL),(45,'G0001','2016-04-10 00:00:00',100,NULL,NULL),(55,'G0001','2016-04-10 00:00:00',100,NULL,NULL),(66,'G0001','2016-04-10 00:00:00',100,NULL,NULL),(78,'G0001','2016-04-10 00:00:00',100,NULL,NULL),(91,'G0001','2016-04-10 00:00:00',100,NULL,NULL),(105,'G0001','2016-04-10 00:00:00',100,NULL,NULL),(120,'G0001','2016-04-10 00:00:00',100,NULL,NULL),(136,'G0001','2016-04-10 00:00:00',100,NULL,NULL),(153,'G0001','2016-04-10 00:00:00',100,NULL,NULL),(171,'G0001','2016-04-10 00:00:00',100,NULL,NULL),(190,'G0001','2016-04-10 00:00:00',100,NULL,NULL),(210,'G0001','2016-04-10 00:00:00',100,NULL,NULL),(231,'G0001','2016-04-10 00:00:00',100,NULL,NULL),(253,'G0001','2016-04-10 00:00:00',100,NULL,NULL),(276,'G0001','2016-04-10 00:00:00',100,NULL,NULL),(300,'G0001','2016-04-10 00:00:00',100,NULL,NULL),(325,'G0001','2016-04-10 00:00:00',100,NULL,NULL),(351,'G0001','2016-04-10 00:00:00',100,NULL,NULL),(378,'G0001','2016-04-10 00:00:00',100,NULL,NULL),(406,'G0001','2016-04-10 00:00:00',100,NULL,NULL),(435,'G0001','2016-04-10 00:00:00',100,NULL,NULL),(465,'G0001','2016-04-10 00:00:00',100,NULL,NULL),(496,'G0001','2016-04-10 00:00:00',100,NULL,NULL),(528,'G0001','2016-04-10 00:00:00',100,NULL,NULL),(561,'G0001','2016-04-10 00:00:00',100,NULL,NULL),(595,'G0001','2016-04-10 00:00:00',100,NULL,NULL),(630,'G0001','2016-04-10 00:00:00',100,NULL,NULL),(666,'G0001','2016-04-10 00:00:00',100,NULL,NULL),(703,'G0001','2016-04-10 00:00:00',100,NULL,NULL),(741,'G0001','2016-04-10 00:00:00',100,NULL,NULL),(780,'G0001','2016-04-10 00:00:00',100,NULL,NULL),(820,'G0001','2016-04-10 00:00:00',100,NULL,NULL),(861,'G0001','2016-04-10 00:00:00',100,NULL,NULL),(903,'G0001','2016-04-10 00:00:00',100,NULL,NULL),(946,'G0001','2016-04-10 00:00:00',100,NULL,NULL),(990,'G0001','2016-04-10 00:00:00',100,NULL,NULL),(1035,'G0001','2016-04-10 00:00:00',100,NULL,NULL),(1081,'G0001','2016-04-10 00:00:00',100,NULL,NULL),(1128,'G0001','2016-04-10 00:00:00',100,NULL,NULL),(1176,'G0001','2016-04-10 00:00:00',100,NULL,NULL),(1225,'G0001','2016-04-10 00:00:00',100,NULL,NULL),(1275,'G0001','2016-04-10 00:00:00',100,NULL,NULL),(1326,'G0001','2016-04-10 00:00:00',100,NULL,NULL),(1378,'G0001','2016-04-10 00:00:00',100,NULL,NULL),(1431,'G0001','2016-04-10 00:00:00',100,NULL,NULL),(1485,'G0001','2016-04-10 00:00:00',100,NULL,NULL),(1540,'G0001','2016-04-10 00:00:00',100,NULL,NULL),(1596,'G0001','2016-04-10 00:00:00',100,NULL,NULL),(1653,'G0001','2016-04-10 00:00:00',100,NULL,NULL),(1711,'G0001','2016-04-10 00:00:00',100,NULL,NULL),(1770,'G0001','2016-04-10 00:00:00',100,NULL,NULL),(1830,'G0001','2016-04-10 00:00:00',100,NULL,NULL),(1891,'G0001','2016-04-10 00:00:00',100,NULL,NULL),(1953,'G0001','2016-04-10 00:00:00',100,NULL,NULL),(2016,'G0001','2016-04-10 00:00:00',100,NULL,NULL),(2080,'G0001','2016-04-10 00:00:00',100,NULL,NULL),(2145,'G0001','2016-04-10 00:00:00',100,NULL,NULL),(2211,'G0001','2016-04-10 00:00:00',100,NULL,NULL),(2278,'G0001','2016-04-10 00:00:00',100,NULL,NULL),(2346,'G0001','2016-04-10 00:00:00',100,NULL,NULL),(2415,'G0001','2016-04-10 00:00:00',100,NULL,NULL),(2485,'G0001','2016-04-10 00:00:00',100,NULL,NULL),(2556,'G0001','2016-04-10 00:00:00',100,NULL,NULL),(2628,'G0001','2016-04-10 00:00:00',100,NULL,NULL),(2701,'G0001','2016-04-10 00:00:00',100,NULL,NULL),(2775,'G0001','2016-04-10 00:00:00',100,NULL,NULL),(2850,'G0001','2016-04-10 00:00:00',100,NULL,NULL),(2926,'G0001','2016-04-10 00:00:00',100,NULL,NULL),(3003,'G0001','2016-04-10 00:00:00',100,NULL,NULL),(3081,'G0001','2016-04-10 00:00:00',100,NULL,NULL),(3160,'G0001','2016-04-10 00:00:00',100,NULL,NULL),(3240,'G0001','2016-04-10 00:00:00',100,NULL,NULL),(3321,'G0001','2016-04-10 00:00:00',100,NULL,NULL),(3403,'G0001','2016-04-10 00:00:00',100,NULL,NULL),(3486,'G0001','2016-04-10 00:00:00',100,NULL,NULL),(3570,'G0001','2016-04-10 00:00:00',100,NULL,NULL),(3655,'G0001','2016-04-10 00:00:00',100,NULL,NULL),(3741,'G0001','2016-04-10 00:00:00',100,NULL,NULL),(3828,'G0001','2016-04-10 00:00:00',100,NULL,NULL),(3916,'G0001','2016-04-10 00:00:00',100,NULL,NULL),(4005,'G0001','2016-04-10 00:00:00',100,NULL,NULL),(4095,'G0001','2016-04-10 00:00:00',100,NULL,NULL),(4186,'G0001','2016-04-10 00:00:00',100,NULL,NULL),(4278,'G0001','2016-04-10 00:00:00',100,NULL,NULL),(4371,'G0001','2016-04-10 00:00:00',100,NULL,NULL),(4465,'G0001','2016-04-10 00:00:00',100,NULL,NULL),(4560,'G0001','2016-04-10 00:00:00',100,NULL,NULL),(4656,'G0001','2016-04-10 00:00:00',100,NULL,NULL),(4753,'G0001','2016-04-10 00:00:00',100,NULL,NULL),(4851,'G0001','2016-04-10 00:00:00',100,NULL,NULL),(4950,'G0001','2016-04-10 00:00:00',100,NULL,NULL),(10000,'G0002','2016-04-10 00:00:00',100,NULL,NULL),(10001,'G0002','2016-04-10 00:00:00',100,NULL,NULL),(10003,'G0002','2016-04-10 00:00:00',100,NULL,NULL),(10006,'G0002','2016-04-10 00:00:00',100,NULL,NULL),(10010,'G0002','2016-04-10 00:00:00',100,NULL,NULL),(10015,'G0002','2016-04-10 00:00:00',100,NULL,NULL),(10021,'G0002','2016-04-10 00:00:00',100,NULL,NULL),(10028,'G0002','2016-04-10 00:00:00',100,NULL,NULL),(10036,'G0002','2016-04-10 00:00:00',100,NULL,NULL),(10045,'G0002','2016-04-10 00:00:00',100,NULL,NULL),(11000,'G0003','2016-04-10 00:00:00',100,NULL,NULL),(11001,'G0003','2016-04-10 00:00:00',100,NULL,NULL),(11003,'G0003','2016-04-10 00:00:00',100,NULL,NULL),(11006,'G0003','2016-04-10 00:00:00',100,NULL,NULL),(11010,'G0003','2016-04-10 00:00:00',100,NULL,NULL),(11015,'G0003','2016-04-10 00:00:00',100,NULL,NULL),(11021,'G0003','2016-04-10 00:00:00',100,NULL,NULL),(11028,'G0003','2016-04-10 00:00:00',100,NULL,NULL),(11036,'G0003','2016-04-10 00:00:00',100,NULL,NULL),(11045,'G0003','2016-04-10 00:00:00',100,NULL,NULL),(12000,'G0004','2016-04-10 00:00:00',100,NULL,NULL),(12001,'G0004','2016-04-10 00:00:00',100,NULL,NULL),(12003,'G0004','2016-04-10 00:00:00',100,NULL,NULL),(12006,'G0004','2016-04-10 00:00:00',100,NULL,NULL),(12010,'G0004','2016-04-10 00:00:00',100,NULL,NULL),(12015,'G0004','2016-04-10 00:00:00',100,NULL,NULL),(12021,'G0004','2016-04-10 00:00:00',100,NULL,NULL),(12028,'G0004','2016-04-10 00:00:00',100,NULL,NULL),(12036,'G0004','2016-04-10 00:00:00',100,NULL,NULL),(12045,'G0004','2016-04-10 00:00:00',100,NULL,NULL),(15001,'G0005','2016-04-10 00:00:00',100,NULL,NULL),(15002,'G0005','2016-04-10 00:00:00',100,NULL,NULL),(15003,'G0005','2016-04-10 00:00:00',100,NULL,NULL),(15004,'G0005','2016-04-10 00:00:00',100,NULL,NULL),(15005,'G0005','2016-04-10 00:00:00',100,NULL,NULL),(15006,'G0005','2016-04-10 00:00:00',100,NULL,NULL),(15007,'G0005','2016-04-10 00:00:00',100,NULL,NULL),(15008,'G0005','2016-04-10 00:00:00',100,NULL,NULL),(15009,'G0005','2016-04-10 00:00:00',100,NULL,NULL),(15010,'G0005','2016-04-10 00:00:00',100,NULL,NULL),(15021,'G0004','2016-04-10 00:00:00',100,NULL,NULL),(15022,'G0004','2016-04-10 00:00:00',100,NULL,NULL),(15023,'G0004','2016-04-10 00:00:00',100,NULL,NULL),(15024,'G0004','2016-04-10 00:00:00',100,NULL,NULL),(15025,'G0004','2016-04-10 00:00:00',100,NULL,NULL),(15026,'G0004','2016-04-10 00:00:00',100,NULL,NULL),(15027,'G0004','2016-04-10 00:00:00',100,NULL,NULL),(15028,'G0004','2016-04-10 00:00:00',100,NULL,NULL),(15029,'G0004','2016-04-10 00:00:00',100,NULL,NULL),(15030,'G0004','2016-04-10 00:00:00',100,NULL,NULL);
/*!40000 ALTER TABLE `Service_bill` ENABLE KEYS */;
UNLOCK TABLES;

--
-- Table structure for table `proprety`
--

DROP TABLE IF EXISTS `proprety`;
/*!40101 SET @saved_cs_client     = @@character_set_client */;
/*!40101 SET character_set_client = utf8 */;
CREATE TABLE `proprety` (
  `ID` varchar(45) NOT NULL,
  `Date` datetime DEFAULT NULL,
  `Quantity` double DEFAULT NULL,
  `description` varchar(100) DEFAULT NULL,
  `project_id` varchar(45) DEFAULT NULL,
  `Inorout` varchar(45) DEFAULT NULL,
  `department_id` varchar(45) DEFAULT NULL,
  PRIMARY KEY (`ID`)
) ENGINE=InnoDB DEFAULT CHARSET=utf8;
/*!40101 SET character_set_client = @saved_cs_client */;

--
-- Dumping data for table `proprety`
--

LOCK TABLES `proprety` WRITE;
/*!40000 ALTER TABLE `proprety` DISABLE KEYS */;
INSERT INTO `proprety` VALUES ('proprety0','2016-12-11 00:00:00',100,'客服电话维修','Servicer0','0','service0'),('proprety1','2016-01-02 00:00:00',100,'客服电话维修','Servicer1','0','service1'),('proprety10','2016-01-02 00:00:00',100,'客服电话维修','Servicer10','0','service10'),('proprety11','2016-05-03 00:00:00',100,'客服电话维修','Servicer11','0','service11'),('proprety12','2016-08-04 00:00:00',100,'客服电话维修','Servicer12','0','service12'),('proprety13','2016-03-05 00:00:00',100,'客服电话维修','Servicer13','0','service13'),('proprety14','2016-11-06 00:00:00',100,'客服电话维修','Servicer14','0','service14'),('proprety15','2016-04-07 00:00:00',100,'客服电话维修','Servicer15','0','service15'),('proprety16','2016-02-08 00:00:00',100,'客服电话维修','Servicer16','0','service16'),('proprety17','2016-06-09 00:00:00',100,'客服电话维修','Servicer17','0','service17'),('proprety18','2016-12-11 00:00:00',100,'客服电话维修','Servicer18','0','service18'),('proprety19','2016-01-02 00:00:00',100,'客服电话维修','Servicer19','0','service19'),('proprety2','2016-05-03 00:00:00',100,'客服电话维修','Servicer2','0','service2'),('proprety20','2016-05-03 00:00:00',100,'客服电话维修','Servicer20','0','service20'),('proprety21','2016-08-04 00:00:00',100,'客服电话维修','Servicer21','0','service21'),('proprety22','2016-03-05 00:00:00',100,'客服电话维修','Servicer22','0','service22'),('proprety23','2016-11-06 00:00:00',100,'客服电话维修','Servicer23','0','service23'),('proprety24','2016-04-07 00:00:00',100,'客服电话维修','Servicer24','0','service24'),('proprety25','2016-02-08 00:00:00',10000,'研究项目通信','res0','0','research0'),('proprety26','2016-06-09 00:00:00',10000,'研究项目通信','res1','0','research1'),('proprety27','2016-12-11 00:00:00',10000,'研究项目通信','res2','0','research2'),('proprety28','2016-01-02 00:00:00',10000,'研究项目通信','res3','0','research3'),('proprety29','2016-05-03 00:00:00',10000,'研究项目通信','res4','0','research4'),('proprety3','2016-08-04 00:00:00',100,'客服电话维修','Servicer3','0','service3'),('proprety30','2016-08-04 00:00:00',10000,'研究项目通信','res5','0','research5'),('proprety31','2016-03-05 00:00:00',10000,'研究项目通信','res6','0','research6'),('proprety32','2016-11-06 00:00:00',10000,'研究项目通信','res7','0','research7'),('proprety33','2016-04-07 00:00:00',10000,'研究项目通信','res8','0','research8'),('proprety34','2016-02-08 00:00:00',10000,'研究项目通信','res9','0','research9'),('proprety35','2016-06-09 00:00:00',10000,'研究项目通信','res10','0','research10'),('proprety36','2016-12-11 00:00:00',10000,'研究项目通信','res11','0','research11'),('proprety37','2016-01-02 00:00:00',10000,'研究项目通信','res12','0','research12'),('proprety38','2016-05-03 00:00:00',10000,'研究项目通信','res13','0','research13'),('proprety39','2016-08-04 00:00:00',10000,'研究项目通信','res14','0','research14'),('proprety4','2016-03-05 00:00:00',100,'客服电话维修','Servicer4','0','service4'),('proprety40','2016-03-05 00:00:00',10000,'研究项目通信','res15','0','research15'),('proprety41','2016-11-06 00:00:00',10000,'研究项目通信','res16','0','research16'),('proprety42','2016-04-07 00:00:00',10000,'研究项目通信','res17','0','research17'),('proprety43','2016-02-08 00:00:00',10000,'研究项目通信','res18','0','research18'),('proprety44','2016-06-09 00:00:00',10000,'研究项目通信','res19','0','research19'),('proprety45','2016-12-11 00:00:00',10000,'研究项目通信','res20','0','research20'),('proprety46','2016-01-02 00:00:00',10000,'研究项目通信','res21','0','research21'),('proprety47','2016-05-03 00:00:00',10000,'研究项目通信','res22','0','research22'),('proprety48','2016-08-04 00:00:00',10000,'研究项目通信','res23','0','research23'),('proprety49','2016-03-05 00:00:00',10000,'研究项目通信','res24','0','research24'),('proprety5','2016-11-06 00:00:00',100,'客服电话维修','Servicer5','0','service5'),('proprety50','2016-11-06 00:00:00',100,'业务办理','Businesser50','1','business0'),('proprety51','2016-04-07 00:00:00',100,'业务办理','Businesser51','1','business1'),('proprety52','2016-02-08 00:00:00',100,'业务办理','Businesser52','1','business2'),('proprety53','2016-06-09 00:00:00',100,'业务办理','Businesser53','1','business3'),('proprety54','2016-12-11 00:00:00',100,'业务办理','Businesser54','1','business4'),('proprety55','2016-01-02 00:00:00',100,'业务办理','Businesser55','1','business5'),('proprety56','2016-05-03 00:00:00',100,'业务办理','Businesser56','1','business6'),('proprety57','2016-08-04 00:00:00',100,'业务办理','Businesser57','1','business7'),('proprety58','2016-03-05 00:00:00',100,'业务办理','Businesser58','1','business8'),('proprety59','2016-11-06 00:00:00',100,'业务办理','Businesser59','1','business9'),('proprety6','2016-04-07 00:00:00',100,'客服电话维修','Servicer6','0','service6'),('proprety60','2016-04-07 00:00:00',100,'业务办理','Businesser60','1','business10'),('proprety61','2016-02-08 00:00:00',100,'业务办理','Businesser61','1','business11'),('proprety62','2016-06-09 00:00:00',100,'业务办理','Businesser62','1','business12'),('proprety63','2016-12-11 00:00:00',100,'业务办理','Businesser63','1','business13'),('proprety64','2016-01-02 00:00:00',100,'业务办理','Businesser64','1','business14'),('proprety65','2016-05-03 00:00:00',100,'业务办理','Businesser65','1','business15'),('proprety66','2016-08-04 00:00:00',100,'业务办理','Businesser66','1','business16'),('proprety67','2016-03-05 00:00:00',100,'业务办理','Businesser67','1','business17'),('proprety68','2016-11-06 00:00:00',100,'业务办理','Businesser68','1','business18'),('proprety69','2016-04-07 00:00:00',100,'业务办理','Businesser69','1','business19'),('proprety7','2016-02-08 00:00:00',100,'客服电话维修','Servicer7','0','service7'),('proprety70','2016-02-08 00:00:00',100,'业务办理','Businesser70','1','business20'),('proprety71','2016-06-09 00:00:00',100,'业务办理','Businesser71','1','business21'),('proprety72','2016-12-11 00:00:00',100,'业务办理','Businesser72','1','business22'),('proprety73','2016-01-02 00:00:00',100,'业务办理','Businesser73','1','business23'),('proprety74','2016-05-03 00:00:00',100,'业务办理','Businesser74','1','business24'),('proprety75','2016-08-04 00:00:00',100,'桌椅更新','Financer75','0','finance0'),('proprety76','2016-03-05 00:00:00',100,'桌椅更新','Financer76','0','finance1'),('proprety77','2016-11-06 00:00:00',100,'桌椅更新','Financer77','0','finance2'),('proprety78','2016-04-07 00:00:00',100,'桌椅更新','Financer78','0','finance3'),('proprety79','2016-02-08 00:00:00',100,'桌椅更新','Financer79','0','finance4'),('proprety8','2016-06-09 00:00:00',100,'客服电话维修','Servicer8','0','service8'),('proprety80','2016-06-09 00:00:00',100,'桌椅更新','Financer80','0','finance5'),('proprety81','2016-12-11 00:00:00',100,'桌椅更新','Financer81','0','finance6'),('proprety82','2016-01-02 00:00:00',100,'桌椅更新','Financer82','0','finance7'),('proprety83','2016-05-03 00:00:00',100,'桌椅更新','Financer83','0','finance8'),('proprety84','2016-08-04 00:00:00',100,'桌椅更新','Financer84','0','finance9'),('proprety85','2016-03-05 00:00:00',100,'桌椅更新','Financer85','0','finance10'),('proprety86','2016-11-06 00:00:00',100,'桌椅更新','Financer86','0','finance11'),('proprety87','2016-04-07 00:00:00',100,'桌椅更新','Financer87','0','finance12'),('proprety88','2016-02-08 00:00:00',100,'桌椅更新','Financer88','0','finance13'),('proprety89','2016-06-09 00:00:00',100,'桌椅更新','Financer89','0','finance14'),('proprety9','2016-12-11 00:00:00',100,'客服电话维修','Servicer9','0','service9'),('proprety90','2016-12-11 00:00:00',100,'桌椅更新','Financer90','0','finance15'),('proprety91','2016-01-02 00:00:00',100,'桌椅更新','Financer91','0','finance16'),('proprety92','2016-05-03 00:00:00',100,'桌椅更新','Financer92','0','finance17'),('proprety93','2016-08-04 00:00:00',100,'桌椅更新','Financer93','0','finance18'),('proprety94','2016-03-05 00:00:00',100,'桌椅更新','Financer94','0','finance19'),('proprety95','2016-11-06 00:00:00',100,'桌椅更新','Financer95','0','finance20'),('proprety96','2016-04-07 00:00:00',100,'桌椅更新','Financer96','0','finance21'),('proprety97','2016-02-08 00:00:00',100,'桌椅更新','Financer97','0','finance22'),('proprety98','2016-06-09 00:00:00',100,'桌椅更新','Financer98','0','finance23'),('proprety99','2016-12-11 00:00:00',100,'桌椅更新','Financer99','0','finance24');
/*!40000 ALTER TABLE `proprety` ENABLE KEYS */;
UNLOCK TABLES;

--
-- Current Database: `business_DW`
--

CREATE DATABASE /*!32312 IF NOT EXISTS*/ `business_DW` /*!40100 DEFAULT CHARACTER SET utf8 */;

USE `business_DW`;

--
-- Table structure for table `business_fact`
--

DROP TABLE IF EXISTS `business_fact`;
/*!40101 SET @saved_cs_client     = @@character_set_client */;
/*!40101 SET character_set_client = utf8 */;
CREATE TABLE `business_fact` (
  `timekey` datetime DEFAULT NULL,
  `staffkey` varchar(45) DEFAULT NULL,
  `customekey` varchar(45) DEFAULT NULL,
  `servicetypekey` varchar(45) DEFAULT NULL,
  `grade` int(11) DEFAULT NULL,
  `revenue` double DEFAULT NULL
) ENGINE=InnoDB DEFAULT CHARSET=utf8;
/*!40101 SET character_set_client = @saved_cs_client */;

--
-- Dumping data for table `business_fact`
--

LOCK TABLES `business_fact` WRITE;
/*!40000 ALTER TABLE `business_fact` DISABLE KEYS */;
INSERT INTO `business_fact` VALUES ('2016-12-01 00:00:00','business0','custome0','0',1,60),('2016-12-02 00:00:00','business1','custome1','1',2,100),('2016-12-03 00:00:00','business2','custome2','2',3,70),('2016-12-04 00:00:00','business3','custome3','3',4,60),('2016-12-05 00:00:00','business4','custome4','4',1,150),('2016-12-06 00:00:00','business5','custome5','5',2,1000),('2016-12-07 00:00:00','business6','custome6','6',3,70),('2016-12-08 00:00:00','business7','custome7','7',4,20),('2016-12-09 00:00:00','business8','custome8','8',1,5000),('2016-12-01 00:00:00','business9','custome9','0',2,60),('2016-12-02 00:00:00','business10','custome10','1',3,100),('2016-12-03 00:00:00','business11','custome11','2',4,70),('2016-12-04 00:00:00','business12','custome12','3',1,60),('2016-12-05 00:00:00','business13','custome13','4',2,150),('2016-12-06 00:00:00','business14','custome14','5',3,1000),('2016-12-07 00:00:00','business15','custome15','6',4,70),('2016-12-08 00:00:00','business16','custome16','7',1,20),('2016-12-09 00:00:00','business17','custome17','8',2,5000),('2016-12-01 00:00:00','business18','custome18','0',3,60),('2016-12-02 00:00:00','business19','custome19','1',4,100),('2016-12-03 00:00:00','business20','custome20','2',1,70),('2016-12-04 00:00:00','business21','custome21','3',2,60),('2016-12-05 00:00:00','business22','custome22','4',3,150),('2016-12-06 00:00:00','business23','custome23','5',4,1000),('2016-12-07 00:00:00','business24','custome24','6',1,70),('2016-12-08 00:00:00','business25','custome25','7',2,20),('2016-12-09 00:00:00','business26','custome26','8',3,5000),('2016-12-01 00:00:00','business27','custome27','0',4,60),('2016-12-02 00:00:00','business28','custome28','1',1,100),('2016-12-03 00:00:00','business29','custome29','2',2,70),('2016-12-04 00:00:00','business30','custome30','3',3,60),('2016-12-05 00:00:00','business31','custome31','4',4,150),('2016-12-06 00:00:00','business32','custome32','5',1,1000),('2016-12-07 00:00:00','business33','custome33','6',2,70),('2016-12-08 00:00:00','business34','custome34','7',3,20),('2016-12-09 00:00:00','business35','custome35','8',4,5000),('2016-12-01 00:00:00','business36','custome36','0',1,60),('2016-12-02 00:00:00','business37','custome37','1',2,100),('2016-12-03 00:00:00','business38','custome38','2',3,70),('2016-12-04 00:00:00','business39','custome39','3',4,60),('2016-12-05 00:00:00','business40','custome40','4',1,150),('2016-12-06 00:00:00','business41','custome41','5',2,1000),('2016-12-07 00:00:00','business42','custome42','6',3,70),('2016-12-08 00:00:00','business43','custome43','7',4,20),('2016-12-09 00:00:00','business44','custome44','8',1,5000),('2016-12-01 00:00:00','business45','custome45','0',2,60),('2016-12-02 00:00:00','business46','custome46','1',3,100),('2016-12-03 00:00:00','business47','custome47','2',4,70),('2016-12-04 00:00:00','business48','custome48','3',1,60),('2016-12-05 00:00:00','business49','custome49','4',2,150),('2016-12-06 00:00:00','business50','custome50','5',3,1000),('2016-12-07 00:00:00','business51','custome51','6',4,70),('2016-12-08 00:00:00','business52','custome52','7',1,20),('2016-12-09 00:00:00','business53','custome53','8',2,5000),('2016-12-01 00:00:00','business54','custome54','0',3,60),('2016-12-02 00:00:00','business55','custome55','1',4,100),('2016-12-03 00:00:00','business56','custome56','2',1,70),('2016-12-04 00:00:00','business57','custome57','3',2,60),('2016-12-05 00:00:00','business58','custome58','4',3,150),('2016-12-06 00:00:00','business59','custome59','5',4,1000),('2016-12-07 00:00:00','business60','custome60','6',1,70),('2016-12-08 00:00:00','business61','custome61','7',2,20),('2016-12-09 00:00:00','business62','custome62','8',3,5000),('2016-12-01 00:00:00','business63','custome63','0',4,60),('2016-12-02 00:00:00','business64','custome64','1',1,100),('2016-12-03 00:00:00','business65','custome65','2',2,70),('2016-12-04 00:00:00','business66','custome66','3',3,60),('2016-12-05 00:00:00','business67','custome67','4',4,150),('2016-12-06 00:00:00','business68','custome68','5',1,1000),('2016-12-07 00:00:00','business69','custome69','6',2,70),('2016-12-08 00:00:00','business70','custome70','7',3,20),('2016-12-09 00:00:00','business71','custome71','8',4,5000),('2016-12-01 00:00:00','business72','custome72','0',1,60),('2016-12-02 00:00:00','business73','custome73','1',2,100),('2016-12-03 00:00:00','business74','custome74','2',3,70),('2016-12-04 00:00:00','business75','custome75','3',4,60),('2016-12-05 00:00:00','business76','custome76','4',1,150),('2016-12-06 00:00:00','business77','custome77','5',2,1000),('2016-12-07 00:00:00','business78','custome78','6',3,70),('2016-12-08 00:00:00','business79','custome79','7',4,20),('2016-12-09 00:00:00','business80','custome80','8',1,5000),('2016-12-01 00:00:00','business81','custome81','0',2,60),('2016-12-02 00:00:00','business82','custome82','1',3,100),('2016-12-03 00:00:00','business83','custome83','2',4,70),('2016-12-04 00:00:00','business84','custome84','3',1,60),('2016-12-05 00:00:00','business85','custome85','4',2,150),('2016-12-06 00:00:00','business86','custome86','5',3,1000),('2016-12-07 00:00:00','business87','custome87','6',4,70),('2016-12-08 00:00:00','business88','custome88','7',1,20),('2016-12-09 00:00:00','business89','custome89','8',2,5000),('2016-12-01 00:00:00','business90','custome90','0',3,60),('2016-12-02 00:00:00','business91','custome91','1',4,100),('2016-12-03 00:00:00','business92','custome92','2',1,70),('2016-12-04 00:00:00','business93','custome93','3',2,60),('2016-12-05 00:00:00','business94','custome94','4',3,150),('2016-12-06 00:00:00','business95','custome95','5',4,1000),('2016-12-07 00:00:00','business96','custome96','6',1,70),('2016-12-08 00:00:00','business97','custome97','7',2,20),('2016-12-09 00:00:00','business98','custome98','8',3,5000),('2016-12-01 00:00:00','business99','custome99','0',4,60),('2016-12-01 00:00:00','business0','custome0','0',1,60),('2016-12-02 00:00:00','business1','custome1','1',2,100),('2016-12-03 00:00:00','business2','custome2','2',3,70),('2016-12-04 00:00:00','business3','custome3','3',4,60),('2016-12-05 00:00:00','business4','custome4','4',1,150),('2016-12-06 00:00:00','business5','custome5','5',2,1000),('2016-12-07 00:00:00','business6','custome6','6',3,70),('2016-12-08 00:00:00','business7','custome7','7',4,20),('2016-12-09 00:00:00','business8','custome8','8',1,5000),('2016-12-01 00:00:00','business9','custome9','0',2,60),('2016-12-02 00:00:00','business10','custome10','1',3,100),('2016-12-03 00:00:00','business11','custome11','2',4,70),('2016-12-04 00:00:00','business12','custome12','3',1,60),('2016-12-05 00:00:00','business13','custome13','4',2,150),('2016-12-06 00:00:00','business14','custome14','5',3,1000),('2016-12-07 00:00:00','business15','custome15','6',4,70),('2016-12-08 00:00:00','business16','custome16','7',1,20),('2016-12-09 00:00:00','business17','custome17','8',2,5000),('2016-12-01 00:00:00','business18','custome18','0',3,60),('2016-12-02 00:00:00','business19','custome19','1',4,100),('2016-12-03 00:00:00','business20','custome20','2',1,70),('2016-12-04 00:00:00','business21','custome21','3',2,60),('2016-12-05 00:00:00','business22','custome22','4',3,150),('2016-12-06 00:00:00','business23','custome23','5',4,1000),('2016-12-07 00:00:00','business24','custome24','6',1,70),('2016-12-08 00:00:00','business25','custome25','7',2,20),('2016-12-09 00:00:00','business26','custome26','8',3,5000),('2016-12-01 00:00:00','business27','custome27','0',4,60),('2016-12-02 00:00:00','business28','custome28','1',1,100),('2016-12-03 00:00:00','business29','custome29','2',2,70),('2016-12-04 00:00:00','business30','custome30','3',3,60),('2016-12-05 00:00:00','business31','custome31','4',4,150),('2016-12-06 00:00:00','business32','custome32','5',1,1000),('2016-12-07 00:00:00','business33','custome33','6',2,70),('2016-12-08 00:00:00','business34','custome34','7',3,20),('2016-12-09 00:00:00','business35','custome35','8',4,5000),('2016-12-01 00:00:00','business36','custome36','0',1,60),('2016-12-02 00:00:00','business37','custome37','1',2,100),('2016-12-03 00:00:00','business38','custome38','2',3,70),('2016-12-04 00:00:00','business39','custome39','3',4,60),('2016-12-05 00:00:00','business40','custome40','4',1,150),('2016-12-06 00:00:00','business41','custome41','5',2,1000),('2016-12-07 00:00:00','business42','custome42','6',3,70),('2016-12-08 00:00:00','business43','custome43','7',4,20),('2016-12-09 00:00:00','business44','custome44','8',1,5000),('2016-12-01 00:00:00','business45','custome45','0',2,60),('2016-12-02 00:00:00','business46','custome46','1',3,100),('2016-12-03 00:00:00','business47','custome47','2',4,70),('2016-12-04 00:00:00','business48','custome48','3',1,60),('2016-12-05 00:00:00','business49','custome49','4',2,150),('2016-12-06 00:00:00','business50','custome50','5',3,1000),('2016-12-07 00:00:00','business51','custome51','6',4,70),('2016-12-08 00:00:00','business52','custome52','7',1,20),('2016-12-09 00:00:00','business53','custome53','8',2,5000),('2016-12-01 00:00:00','business54','custome54','0',3,60),('2016-12-02 00:00:00','business55','custome55','1',4,100),('2016-12-03 00:00:00','business56','custome56','2',1,70),('2016-12-04 00:00:00','business57','custome57','3',2,60),('2016-12-05 00:00:00','business58','custome58','4',3,150),('2016-12-06 00:00:00','business59','custome59','5',4,1000),('2016-12-07 00:00:00','business60','custome60','6',1,70),('2016-12-08 00:00:00','business61','custome61','7',2,20),('2016-12-09 00:00:00','business62','custome62','8',3,5000),('2016-12-01 00:00:00','business63','custome63','0',4,60),('2016-12-02 00:00:00','business64','custome64','1',1,100),('2016-12-03 00:00:00','business65','custome65','2',2,70),('2016-12-04 00:00:00','business66','custome66','3',3,60),('2016-12-05 00:00:00','business67','custome67','4',4,150),('2016-12-06 00:00:00','business68','custome68','5',1,1000),('2016-12-07 00:00:00','business69','custome69','6',2,70),('2016-12-08 00:00:00','business70','custome70','7',3,20),('2016-12-09 00:00:00','business71','custome71','8',4,5000),('2016-12-01 00:00:00','business72','custome72','0',1,60),('2016-12-02 00:00:00','business73','custome73','1',2,100),('2016-12-03 00:00:00','business74','custome74','2',3,70),('2016-12-04 00:00:00','business75','custome75','3',4,60),('2016-12-05 00:00:00','business76','custome76','4',1,150),('2016-12-06 00:00:00','business77','custome77','5',2,1000),('2016-12-07 00:00:00','business78','custome78','6',3,70),('2016-12-08 00:00:00','business79','custome79','7',4,20),('2016-12-09 00:00:00','business80','custome80','8',1,5000),('2016-12-01 00:00:00','business81','custome81','0',2,60),('2016-12-02 00:00:00','business82','custome82','1',3,100),('2016-12-03 00:00:00','business83','custome83','2',4,70),('2016-12-04 00:00:00','business84','custome84','3',1,60),('2016-12-05 00:00:00','business85','custome85','4',2,150),('2016-12-06 00:00:00','business86','custome86','5',3,1000),('2016-12-07 00:00:00','business87','custome87','6',4,70),('2016-12-08 00:00:00','business88','custome88','7',1,20),('2016-12-09 00:00:00','business89','custome89','8',2,5000),('2016-12-01 00:00:00','business90','custome90','0',3,60),('2016-12-02 00:00:00','business91','custome91','1',4,100),('2016-12-03 00:00:00','business92','custome92','2',1,70),('2016-12-04 00:00:00','business93','custome93','3',2,60),('2016-12-05 00:00:00','business94','custome94','4',3,150),('2016-12-06 00:00:00','business95','custome95','5',4,1000),('2016-12-07 00:00:00','business96','custome96','6',1,70),('2016-12-08 00:00:00','business97','custome97','7',2,20),('2016-12-09 00:00:00','business98','custome98','8',3,5000),('2016-12-01 00:00:00','business99','custome99','0',4,60);
/*!40000 ALTER TABLE `business_fact` ENABLE KEYS */;
UNLOCK TABLES;

--
-- Table structure for table `customer`
--

DROP TABLE IF EXISTS `customer`;
/*!40101 SET @saved_cs_client     = @@character_set_client */;
/*!40101 SET character_set_client = utf8 */;
CREATE TABLE `customer` (
  `id` varchar(45) NOT NULL,
  `name` varchar(45) DEFAULT NULL,
  `idcard` varchar(45) DEFAULT NULL,
  `phone_number` varchar(45) DEFAULT NULL,
  PRIMARY KEY (`id`)
) ENGINE=InnoDB DEFAULT CHARSET=utf8;
/*!40101 SET character_set_client = @saved_cs_client */;

--
-- Dumping data for table `customer`
--

LOCK TABLES `customer` WRITE;
/*!40000 ALTER TABLE `customer` DISABLE KEYS */;
INSERT INTO `customer` VALUES ('custome0','白浅','320029199701018890','18362920989'),('custome1','白凤九','320029199701018890','18362920989'),('custome10','阿离','320029199701018890','18362920989'),('custome11','奈奈','320029199701018890','18362920989'),('custome12','司命','320029199701018890','18362920989'),('custome13','连宋','320029199701018890','18362920989'),('custome14','成玉','320029199701018890','18362920989'),('custome15','迷谷','320029199701018890','18362920989'),('custome16','子澜','320029199701018890','18362920989'),('custome17','少辛','320029199701018890','18362920989'),('custome18','桑籍','320029199701018890','18362920989'),('custome19','白浅','320029199701018890','18362920989'),('custome2','夜华','320029199701018890','18362920989'),('custome20','白凤九','320029199701018890','18362920989'),('custome21','夜华','320029199701018890','18362920989'),('custome22','东华','320029199701018890','18362920989'),('custome23','莫渊','320029199701018890','18362920989'),('custome24','玄女','320029199701018890','18362920989'),('custome25','叠风','320029199701018890','18362920989'),('custome26','令羽','320029199701018890','18362920989'),('custome27','白真','320029199701018890','18362920989'),('custome28','折颜','320029199701018890','18362920989'),('custome29','阿离','320029199701018890','18362920989'),('custome3','东华','320029199701018890','18362920989'),('custome30','奈奈','320029199701018890','18362920989'),('custome31','司命','320029199701018890','18362920989'),('custome32','连宋','320029199701018890','18362920989'),('custome33','成玉','320029199701018890','18362920989'),('custome34','迷谷','320029199701018890','18362920989'),('custome35','子澜','320029199701018890','18362920989'),('custome36','少辛','320029199701018890','18362920989'),('custome37','桑籍','320029199701018890','18362920989'),('custome38','白浅','320029199701018890','18362920989'),('custome39','白凤九','320029199701018890','18362920989'),('custome4','莫渊','320029199701018890','18362920989'),('custome40','夜华','320029199701018890','18362920989'),('custome41','东华','320029199701018890','18362920989'),('custome42','莫渊','320029199701018890','18362920989'),('custome43','玄女','320029199701018890','18362920989'),('custome44','叠风','320029199701018890','18362920989'),('custome45','令羽','320029199701018890','18362920989'),('custome46','白真','320029199701018890','18362920989'),('custome47','折颜','320029199701018890','18362920989'),('custome48','阿离','320029199701018890','18362920989'),('custome49','奈奈','320029199701018890','18362920989'),('custome5','玄女','320029199701018890','18362920989'),('custome50','司命','320029199701018890','18362920989'),('custome51','连宋','320029199701018890','18362920989'),('custome52','成玉','320029199701018890','18362920989'),('custome53','迷谷','320029199701018890','18362920989'),('custome54','子澜','320029199701018890','18362920989'),('custome55','少辛','320029199701018890','18362920989'),('custome56','桑籍','320029199701018890','18362920989'),('custome57','白浅','320029199701018890','18362920989'),('custome58','白凤九','320029199701018890','18362920989'),('custome59','夜华','320029199701018890','18362920989'),('custome6','叠风','320029199701018890','18362920989'),('custome60','东华','320029199701018890','18362920989'),('custome61','莫渊','320029199701018890','18362920989'),('custome62','玄女','320029199701018890','18362920989'),('custome63','叠风','320029199701018890','18362920989'),('custome64','令羽','320029199701018890','18362920989'),('custome65','白真','320029199701018890','18362920989'),('custome66','折颜','320029199701018890','18362920989'),('custome67','阿离','320029199701018890','18362920989'),('custome68','奈奈','320029199701018890','18362920989'),('custome69','司命','320029199701018890','18362920989'),('custome7','令羽','320029199701018890','18362920989'),('custome70','连宋','320029199701018890','18362920989'),('custome71','成玉','320029199701018890','18362920989'),('custome72','迷谷','320029199701018890','18362920989'),('custome73','子澜','320029199701018890','18362920989'),('custome74','少辛','320029199701018890','18362920989'),('custome75','桑籍','320029199701018890','18362920989'),('custome76','白浅','320029199701018890','18362920989'),('custome77','白凤九','320029199701018890','18362920989'),('custome78','夜华','320029199701018890','18362920989'),('custome79','东华','320029199701018890','18362920989'),('custome8','白真','320029199701018890','18362920989'),('custome80','莫渊','320029199701018890','18362920989'),('custome81','玄女','320029199701018890','18362920989'),('custome82','叠风','320029199701018890','18362920989'),('custome83','令羽','320029199701018890','18362920989'),('custome84','白真','320029199701018890','18362920989'),('custome85','折颜','320029199701018890','18362920989'),('custome86','阿离','320029199701018890','18362920989'),('custome87','奈奈','320029199701018890','18362920989'),('custome88','司命','320029199701018890','18362920989'),('custome89','连宋','320029199701018890','18362920989'),('custome9','折颜','320029199701018890','18362920989'),('custome90','成玉','320029199701018890','18362920989'),('custome91','迷谷','320029199701018890','18362920989'),('custome92','子澜','320029199701018890','18362920989'),('custome93','少辛','320029199701018890','18362920989'),('custome94','桑籍','320029199701018890','18362920989'),('custome95','白浅','320029199701018890','18362920989'),('custome96','白凤九','320029199701018890','18362920989'),('custome97','夜华','320029199701018890','18362920989'),('custome98','东华','320029199701018890','18362920989'),('custome99','莫渊','320029199701018890','18362920989');
/*!40000 ALTER TABLE `customer` ENABLE KEYS */;
UNLOCK TABLES;

--
-- Table structure for table `servietype`
--

DROP TABLE IF EXISTS `servietype`;
/*!40101 SET @saved_cs_client     = @@character_set_client */;
/*!40101 SET character_set_client = utf8 */;
CREATE TABLE `servietype` (
  `id` int(11) NOT NULL,
  `description` varchar(45) DEFAULT NULL,
  `price` double DEFAULT NULL,
  PRIMARY KEY (`id`)
) ENGINE=InnoDB DEFAULT CHARSET=utf8;
/*!40101 SET character_set_client = @saved_cs_client */;

--
-- Dumping data for table `servietype`
--

LOCK TABLES `servietype` WRITE;
/*!40000 ALTER TABLE `servietype` DISABLE KEYS */;
INSERT INTO `servietype` VALUES (0,'购买手机卡',60),(1,'充值套餐1',100),(2,'充值套餐2',70),(3,'充值套餐3',60),(4,'月包流量3G',150),(5,'开通家庭网络',1000),(6,'更换手机卡',70),(7,'开通和家庭服务',20),(8,'开通企业网络',5000);
/*!40000 ALTER TABLE `servietype` ENABLE KEYS */;
UNLOCK TABLES;

--
-- Table structure for table `staffinfo`
--

DROP TABLE IF EXISTS `staffinfo`;
/*!40101 SET @saved_cs_client     = @@character_set_client */;
/*!40101 SET character_set_client = utf8 */;
CREATE TABLE `staffinfo` (
  `staffid` varchar(45) NOT NULL,
  `name` varchar(45) DEFAULT NULL,
  `position` varchar(45) DEFAULT NULL,
  `phone_number` varchar(45) DEFAULT NULL,
  PRIMARY KEY (`staffid`)
) ENGINE=InnoDB DEFAULT CHARSET=utf8;
/*!40101 SET character_set_client = @saved_cs_client */;

--
-- Dumping data for table `staffinfo`
--

LOCK TABLES `staffinfo` WRITE;
/*!40000 ALTER TABLE `staffinfo` DISABLE KEYS */;
INSERT INTO `staffinfo` VALUES ('business0','白浅','营业厅业务员','18362926973'),('business1','白凤九','营业厅业务员','18362926973'),('business10','阿离','营业厅业务员','18362926973'),('business11','奈奈','营业厅业务员','18362926973'),('business12','司命','营业厅业务员','18362926973'),('business13','连宋','营业厅业务员','18362926973'),('business14','成玉','营业厅业务员','18362926973'),('business15','迷谷','营业厅业务员','18362926973'),('business16','子澜','营业厅业务员','18362926973'),('business17','少辛','营业厅业务员','18362926973'),('business18','桑籍','营业厅业务员','18362926973'),('business19','白浅','营业厅业务员','18362926973'),('business2','夜华','营业厅业务员','18362926973'),('business20','白凤九','营业厅业务员','18362926973'),('business21','夜华','营业厅业务员','18362926973'),('business22','东华','营业厅业务员','18362926973'),('business23','莫渊','营业厅业务员','18362926973'),('business24','玄女','营业厅业务员','18362926973'),('business25','叠风','营业厅业务员','18362926973'),('business26','令羽','营业厅业务员','18362926973'),('business27','白真','营业厅业务员','18362926973'),('business28','折颜','营业厅业务员','18362926973'),('business29','阿离','营业厅业务员','18362926973'),('business3','东华','营业厅业务员','18362926973'),('business30','奈奈','营业厅业务员','18362926973'),('business31','司命','营业厅业务员','18362926973'),('business32','连宋','营业厅业务员','18362926973'),('business33','成玉','营业厅业务员','18362926973'),('business34','迷谷','营业厅业务员','18362926973'),('business35','子澜','营业厅业务员','18362926973'),('business36','少辛','营业厅业务员','18362926973'),('business37','桑籍','营业厅业务员','18362926973'),('business38','白浅','营业厅业务员','18362926973'),('business39','白凤九','营业厅业务员','18362926973'),('business4','莫渊','营业厅业务员','18362926973'),('business40','夜华','营业厅业务员','18362926973'),('business41','东华','营业厅业务员','18362926973'),('business42','莫渊','营业厅业务员','18362926973'),('business43','玄女','营业厅业务员','18362926973'),('business44','叠风','营业厅业务员','18362926973'),('business45','令羽','营业厅业务员','18362926973'),('business46','白真','营业厅业务员','18362926973'),('business47','折颜','营业厅业务员','18362926973'),('business48','阿离','营业厅业务员','18362926973'),('business49','奈奈','营业厅业务员','18362926973'),('business5','玄女','营业厅业务员','18362926973'),('business50','司命','营业厅业务员','18362926973'),('business51','连宋','营业厅业务员','18362926973'),('business52','成玉','营业厅业务员','18362926973'),('business53','迷谷','营业厅业务员','18362926973'),('business54','子澜','营业厅业务员','18362926973'),('business55','少辛','营业厅业务员','18362926973'),('business56','桑籍','营业厅业务员','18362926973'),('business57','白浅','营业厅业务员','18362926973'),('business58','白凤九','营业厅业务员','18362926973'),('business59','夜华','营业厅业务员','18362926973'),('business6','叠风','营业厅业务员','18362926973'),('business60','东华','营业厅业务员','18362926973'),('business61','莫渊','营业厅业务员','18362926973'),('business62','玄女','营业厅业务员','18362926973'),('business63','叠风','营业厅业务员','18362926973'),('business64','令羽','营业厅业务员','18362926973'),('business65','白真','营业厅业务员','18362926973'),('business66','折颜','营业厅业务员','18362926973'),('business67','阿离','营业厅业务员','18362926973'),('business68','奈奈','营业厅业务员','18362926973'),('business69','司命','营业厅业务员','18362926973'),('business7','令羽','营业厅业务员','18362926973'),('business70','连宋','营业厅业务员','18362926973'),('business71','成玉','营业厅业务员','18362926973'),('business72','迷谷','营业厅业务员','18362926973'),('business73','子澜','营业厅业务员','18362926973'),('business74','少辛','营业厅业务员','18362926973'),('business75','桑籍','营业厅业务员','18362926973'),('business76','白浅','营业厅业务员','18362926973'),('business77','白凤九','营业厅业务员','18362926973'),('business78','夜华','营业厅业务员','18362926973'),('business79','东华','营业厅业务员','18362926973'),('business8','白真','营业厅业务员','18362926973'),('business80','莫渊','营业厅业务员','18362926973'),('business81','玄女','营业厅业务员','18362926973'),('business82','叠风','营业厅业务员','18362926973'),('business83','令羽','营业厅业务员','18362926973'),('business84','白真','营业厅业务员','18362926973'),('business85','折颜','营业厅业务员','18362926973'),('business86','阿离','营业厅业务员','18362926973'),('business87','奈奈','营业厅业务员','18362926973'),('business88','司命','营业厅业务员','18362926973'),('business89','连宋','营业厅业务员','18362926973'),('business9','折颜','营业厅业务员','18362926973'),('business90','成玉','营业厅业务员','18362926973'),('business91','迷谷','营业厅业务员','18362926973'),('business92','子澜','营业厅业务员','18362926973'),('business93','少辛','营业厅业务员','18362926973'),('business94','桑籍','营业厅业务员','18362926973'),('business95','白浅','营业厅业务员','18362926973'),('business96','白凤九','营业厅业务员','18362926973'),('business97','夜华','营业厅业务员','18362926973'),('business98','东华','营业厅业务员','18362926973'),('business99','莫渊','营业厅业务员','18362926973');
/*!40000 ALTER TABLE `staffinfo` ENABLE KEYS */;
UNLOCK TABLES;

--
-- Table structure for table `time`
--

DROP TABLE IF EXISTS `time`;
/*!40101 SET @saved_cs_client     = @@character_set_client */;
/*!40101 SET character_set_client = utf8 */;
CREATE TABLE `time` (
  `key` datetime NOT NULL,
  `year` int(11) DEFAULT NULL,
  `month` int(11) DEFAULT NULL,
  `day` int(11) DEFAULT NULL,
  `season` int(11) DEFAULT NULL,
  PRIMARY KEY (`key`)
) ENGINE=InnoDB DEFAULT CHARSET=utf8;
/*!40101 SET character_set_client = @saved_cs_client */;

--
-- Dumping data for table `time`
--

LOCK TABLES `time` WRITE;
/*!40000 ALTER TABLE `time` DISABLE KEYS */;
INSERT INTO `time` VALUES ('2016-12-01 00:00:00',2016,12,1,4),('2016-12-02 00:00:00',2016,12,2,4),('2016-12-03 00:00:00',2016,12,3,4),('2016-12-04 00:00:00',2016,12,4,4),('2016-12-05 00:00:00',2016,12,5,4),('2016-12-06 00:00:00',2016,12,6,4),('2016-12-07 00:00:00',2016,12,7,4),('2016-12-08 00:00:00',2016,12,8,4),('2016-12-09 00:00:00',2016,12,9,4);
/*!40000 ALTER TABLE `time` ENABLE KEYS */;
UNLOCK TABLES;

--
-- Current Database: `Humanresource_DB`
--

CREATE DATABASE /*!32312 IF NOT EXISTS*/ `Humanresource_DB` /*!40100 DEFAULT CHARACTER SET utf8 */;

USE `Humanresource_DB`;

--
-- Table structure for table `department`
--

DROP TABLE IF EXISTS `department`;
/*!40101 SET @saved_cs_client     = @@character_set_client */;
/*!40101 SET character_set_client = utf8 */;
CREATE TABLE `department` (
  `ID` varchar(45) NOT NULL,
  `Name` varchar(45) DEFAULT NULL,
  `PmID` varchar(45) DEFAULT NULL,
  `description` varchar(45) DEFAULT NULL,
  PRIMARY KEY (`ID`)
) ENGINE=InnoDB DEFAULT CHARSET=utf8;
/*!40101 SET character_set_client = @saved_cs_client */;

--
-- Dumping data for table `department`
--

LOCK TABLES `department` WRITE;
/*!40000 ALTER TABLE `department` DISABLE KEYS */;
INSERT INTO `department` VALUES ('business0','客服','bm0','上海静安区营业部'),('business1','客服','bm1','上海静安区营业部'),('business10','客服','bm10','上海静安区营业部'),('business11','客服','bm11','上海静安区营业部'),('business12','客服','bm12','上海静安区营业部'),('business13','客服','bm13','上海静安区营业部'),('business14','客服','bm14','上海静安区营业部'),('business15','客服','bm15','上海静安区营业部'),('business16','客服','bm16','上海静安区营业部'),('business17','客服','bm17','上海静安区营业部'),('business18','客服','bm18','上海静安区营业部'),('business19','客服','bm19','上海静安区营业部'),('business2','客服','bm2','上海静安区营业部'),('business20','客服','bm20','上海静安区营业部'),('business21','客服','bm21','上海静安区营业部'),('business22','客服','bm22','上海静安区营业部'),('business23','客服','bm23','上海静安区营业部'),('business24','客服','bm24','上海静安区营业部'),('business3','客服','bm3','上海静安区营业部'),('business4','客服','bm4','上海静安区营业部'),('business5','客服','bm5','上海静安区营业部'),('business6','客服','bm6','上海静安区营业部'),('business7','客服','bm7','上海静安区营业部'),('business8','客服','bm8','上海静安区营业部'),('business9','客服','bm9','上海静安区营业部'),('finance0','客服','fm0','上海静安区财务'),('finance1','客服','fm1','上海静安区财务'),('finance10','客服','fm10','上海静安区财务'),('finance11','客服','fm11','上海静安区财务'),('finance12','客服','fm12','上海静安区财务'),('finance13','客服','fm13','上海静安区财务'),('finance14','客服','fm14','上海静安区财务'),('finance15','客服','fm15','上海静安区财务'),('finance16','客服','fm16','上海静安区财务'),('finance17','客服','fm17','上海静安区财务'),('finance18','客服','fm18','上海静安区财务'),('finance19','客服','fm19','上海静安区财务'),('finance2','客服','fm2','上海静安区财务'),('finance20','客服','fm20','上海静安区财务'),('finance21','客服','fm21','上海静安区财务'),('finance22','客服','fm22','上海静安区财务'),('finance23','客服','fm23','上海静安区财务'),('finance24','客服','fm24','上海静安区财务'),('finance3','客服','fm3','上海静安区财务'),('finance4','客服','fm4','上海静安区财务'),('finance5','客服','fm5','上海静安区财务'),('finance6','客服','fm6','上海静安区财务'),('finance7','客服','fm7','上海静安区财务'),('finance8','客服','fm8','上海静安区财务'),('finance9','客服','fm9','上海静安区财务'),('humanresource0','客服','hm0','上海静安区人资部'),('humanresource1','客服','hm1','上海静安区人资部'),('humanresource10','客服','hm10','上海静安区人资部'),('humanresource11','客服','hm11','上海静安区人资部'),('humanresource12','客服','hm12','上海静安区人资部'),('humanresource13','客服','hm13','上海静安区人资部'),('humanresource14','客服','hm14','上海静安区人资部'),('humanresource15','客服','hm15','上海静安区人资部'),('humanresource16','客服','hm16','上海静安区人资部'),('humanresource17','客服','hm17','上海静安区人资部'),('humanresource18','客服','hm18','上海静安区人资部'),('humanresource19','客服','hm19','上海静安区人资部'),('humanresource2','客服','hm2','上海静安区人资部'),('humanresource20','客服','hm20','上海静安区人资部'),('humanresource21','客服','hm21','上海静安区人资部'),('humanresource22','客服','hm22','上海静安区人资部'),('humanresource23','客服','hm23','上海静安区人资部'),('humanresource24','客服','hm24','上海静安区人资部'),('humanresource3','客服','hm3','上海静安区人资部'),('humanresource4','客服','hm4','上海静安区人资部'),('humanresource5','客服','hm5','上海静安区人资部'),('humanresource6','客服','hm6','上海静安区人资部'),('humanresource7','客服','hm7','上海静安区人资部'),('humanresource8','客服','hm8','上海静安区人资部'),('humanresource9','客服','hm9','上海静安区人资部'),('investion0','客服','im0','上海静安区投资部'),('investion1','客服','im1','上海静安区投资部'),('investion10','客服','im10','上海静安区投资部'),('investion11','客服','im11','上海静安区投资部'),('investion12','客服','im12','上海静安区投资部'),('investion13','客服','im13','上海静安区投资部'),('investion14','客服','im14','上海静安区投资部'),('investion15','客服','im15','上海静安区投资部'),('investion16','客服','im16','上海静安区投资部'),('investion17','客服','im17','上海静安区投资部'),('investion18','客服','im18','上海静安区投资部'),('investion19','客服','im19','上海静安区投资部'),('investion2','客服','im2','上海静安区投资部'),('investion20','客服','im20','上海静安区投资部'),('investion21','客服','im21','上海静安区投资部'),('investion22','客服','im22','上海静安区投资部'),('investion23','客服','im23','上海静安区投资部'),('investion24','客服','im24','上海静安区投资部'),('investion3','客服','im3','上海静安区投资部'),('investion4','客服','im4','上海静安区投资部'),('investion5','客服','im5','上海静安区投资部'),('investion6','客服','im6','上海静安区投资部'),('investion7','客服','im7','上海静安区投资部'),('investion8','客服','im8','上海静安区投资部'),('investion9','客服','im9','上海静安区投资部'),('research0','客服','rm0','上海静安区研究部'),('research1','客服','rm1','上海静安区研究部'),('research10','客服','rm10','上海静安区研究部'),('research11','客服','rm11','上海静安区研究部'),('research12','客服','rm12','上海静安区研究部'),('research13','客服','rm13','上海静安区研究部'),('research14','客服','rm14','上海静安区研究部'),('research15','客服','rm15','上海静安区研究部'),('research16','客服','rm16','上海静安区研究部'),('research17','客服','rm17','上海静安区研究部'),('research18','客服','rm18','上海静安区研究部'),('research19','客服','rm19','上海静安区研究部'),('research2','客服','rm2','上海静安区研究部'),('research20','客服','rm20','上海静安区研究部'),('research21','客服','rm21','上海静安区研究部'),('research22','客服','rm22','上海静安区研究部'),('research23','客服','rm23','上海静安区研究部'),('research24','客服','rm24','上海静安区研究部'),('research3','客服','rm3','上海静安区研究部'),('research4','客服','rm4','上海静安区研究部'),('research5','客服','rm5','上海静安区研究部'),('research6','客服','rm6','上海静安区研究部'),('research7','客服','rm7','上海静安区研究部'),('research8','客服','rm8','上海静安区研究部'),('research9','客服','rm9','上海静安区研究部'),('service0','客服','sm0','上海静安区客服'),('service1','客服','sm1','上海静安区客服'),('service10','客服','sm10','上海静安区客服'),('service11','客服','sm11','上海静安区客服'),('service12','客服','sm12','上海静安区客服'),('service13','客服','sm13','上海静安区客服'),('service14','客服','sm14','上海静安区客服'),('service15','客服','sm15','上海静安区客服'),('service16','客服','sm16','上海静安区客服'),('service17','客服','sm17','上海静安区客服'),('service18','客服','sm18','上海静安区客服'),('service19','客服','sm19','上海静安区客服'),('service2','客服','sm2','上海静安区客服'),('service20','客服','sm20','上海静安区客服'),('service21','客服','sm21','上海静安区客服'),('service22','客服','sm22','上海静安区客服'),('service23','客服','sm23','上海静安区客服'),('service24','客服','sm24','上海静安区客服'),('service3','客服','sm3','上海静安区客服'),('service4','客服','sm4','上海静安区客服'),('service5','客服','sm5','上海静安区客服'),('service6','客服','sm6','上海静安区客服'),('service7','客服','sm7','上海静安区客服'),('service8','客服','sm8','上海静安区客服'),('service9','客服','sm9','上海静安区客服');
/*!40000 ALTER TABLE `department` ENABLE KEYS */;
UNLOCK TABLES;

--
-- Table structure for table `staff`
--

DROP TABLE IF EXISTS `staff`;
/*!40101 SET @saved_cs_client     = @@character_set_client */;
/*!40101 SET character_set_client = utf8 */;
CREATE TABLE `staff` (
  `ID` varchar(45) NOT NULL,
  `Name` varchar(45) DEFAULT NULL,
  `Department_id` varchar(45) DEFAULT NULL,
  `Position` varchar(45) DEFAULT NULL,
  `Phone_number` varchar(45) DEFAULT NULL,
  `Salary` double DEFAULT NULL,
  `Workingyear` int(11) DEFAULT NULL,
  PRIMARY KEY (`ID`)
) ENGINE=InnoDB DEFAULT CHARSET=utf8;
/*!40101 SET character_set_client = @saved_cs_client */;

--
-- Dumping data for table `staff`
--

LOCK TABLES `staff` WRITE;
/*!40000 ALTER TABLE `staff` DISABLE KEYS */;
INSERT INTO `staff` VALUES ('bm0','王丽莉','business0','部长','18362921234',8000,6),('bm1','白浅','business1','部长','18362921234',8000,6),('bm10','折颜','business10','部长','18362921234',8000,6),('bm11','阿离','business11','部长','18362921234',8000,6),('bm12','奈奈','business12','部长','18362921234',8000,6),('bm13','司命','business13','部长','18362921234',8000,6),('bm14','连宋','business14','部长','18362921234',8000,6),('bm15','成玉','business15','部长','18362921234',8000,6),('bm16','迷谷','business16','部长','18362921234',8000,6),('bm17','子澜','business17','部长','18362921234',8000,6),('bm18','少辛','business18','部长','18362921234',8000,6),('bm19','桑籍','business19','部长','18362921234',8000,6),('bm2','白凤九','business2','部长','18362921234',8000,6),('bm20','白真','business20','部长','18362921234',8000,6),('bm21','折颜','business21','部长','18362921234',8000,6),('bm22','王丽莉','business22','部长','18362921234',8000,6),('bm23','白浅','business23','部长','18362921234',8000,6),('bm24','白凤九','business24','部长','18362921234',8000,6),('bm3','夜华','business3','部长','18362921234',8000,6),('bm4','东华','business4','部长','18362921234',8000,6),('bm5','莫渊','business5','部长','18362921234',8000,6),('bm6','玄女','business6','部长','18362921234',8000,6),('bm7','叠风','business7','部长','18362921234',8000,6),('bm8','令羽','business8','部长','18362921234',8000,6),('bm9','白真','business9','部长','18362921234',8000,6),('Businesser0','王丽莉','business03','营业员','18362921236',2000,2),('Businesser1','白浅','business03','营业员','18362921236',2000,2),('Businesser10','折颜','business03','营业员','18362921236',2000,2),('Businesser11','王丽莉','business03','营业员','18362921236',2000,2),('Businesser12','白浅','business03','营业员','18362921236',2000,2),('Businesser13','白凤九','business03','营业员','18362921236',2000,2),('Businesser14','夜华','business03','营业员','18362921236',2000,2),('Businesser15','东华','business03','营业员','18362921236',2000,2),('Businesser16','莫渊','business03','营业员','18362921236',2000,2),('Businesser17','玄女','business03','营业员','18362921236',2000,2),('Businesser18','叠风','business03','营业员','18362921236',2000,2),('Businesser19','令羽','business03','营业员','18362921236',2000,2),('Businesser2','白凤九','business03','营业员','18362921236',2000,2),('Businesser20','白真','business03','营业员','18362921236',2000,2),('Businesser21','折颜','business03','营业员','18362921236',2000,2),('Businesser22','王丽莉','business03','营业员','18362921236',2000,2),('Businesser23','白浅','business03','营业员','18362921236',2000,2),('Businesser24','白凤九','business03','营业员','18362921236',2000,2),('Businesser25','夜华','business03','营业员','18362921236',2000,2),('Businesser26','东华','business03','营业员','18362921236',2000,2),('Businesser27','莫渊','business03','营业员','18362921236',2000,2),('Businesser28','玄女','business03','营业员','18362921236',2000,2),('Businesser29','叠风','business03','营业员','18362921236',2000,2),('Businesser3','夜华','business03','营业员','18362921236',2000,2),('Businesser30','令羽','business03','营业员','18362921236',2000,2),('Businesser31','白真','business03','营业员','18362921236',2000,2),('Businesser32','折颜','business03','营业员','18362921236',2000,2),('Businesser33','王丽莉','business03','营业员','18362921236',2000,2),('Businesser34','白浅','business03','营业员','18362921236',2000,2),('Businesser35','白凤九','business03','营业员','18362921236',2000,2),('Businesser36','夜华','business03','营业员','18362921236',2000,2),('Businesser37','东华','business03','营业员','18362921236',2000,2),('Businesser38','莫渊','business03','营业员','18362921236',2000,2),('Businesser39','玄女','business03','营业员','18362921236',2000,2),('Businesser4','东华','business03','营业员','18362921236',2000,2),('Businesser40','叠风','business03','营业员','18362921236',2000,2),('Businesser41','令羽','business03','营业员','18362921236',2000,2),('Businesser42','白真','business03','营业员','18362921236',2000,2),('Businesser43','折颜','business03','营业员','18362921236',2000,2),('Businesser44','王丽莉','business03','营业员','18362921236',2000,2),('Businesser45','白浅','business03','营业员','18362921236',2000,2),('Businesser46','白凤九','business03','营业员','18362921236',2000,2),('Businesser47','夜华','business03','营业员','18362921236',2000,2),('Businesser48','东华','business03','营业员','18362921236',2000,2),('Businesser49','莫渊','business03','营业员','18362921236',2000,2),('Businesser5','莫渊','business03','营业员','18362921236',2000,2),('Businesser50','玄女','business03','营业员','18362921236',2000,2),('Businesser51','叠风','business03','营业员','18362921236',2000,2),('Businesser52','令羽','business03','营业员','18362921236',2000,2),('Businesser53','白真','business03','营业员','18362921236',2000,2),('Businesser54','折颜','business03','营业员','18362921236',2000,2),('Businesser55','王丽莉','business03','营业员','18362921236',2000,2),('Businesser56','白浅','business03','营业员','18362921236',2000,2),('Businesser57','白凤九','business03','营业员','18362921236',2000,2),('Businesser58','夜华','business03','营业员','18362921236',2000,2),('Businesser59','东华','business03','营业员','18362921236',2000,2),('Businesser6','玄女','business03','营业员','18362921236',2000,2),('Businesser60','莫渊','business03','营业员','18362921236',2000,2),('Businesser61','玄女','business03','营业员','18362921236',2000,2),('Businesser62','叠风','business03','营业员','18362921236',2000,2),('Businesser63','令羽','business03','营业员','18362921236',2000,2),('Businesser64','白真','business03','营业员','18362921236',2000,2),('Businesser65','折颜','business03','营业员','18362921236',2000,2),('Businesser66','王丽莉','business03','营业员','18362921236',2000,2),('Businesser67','白浅','business03','营业员','18362921236',2000,2),('Businesser68','白凤九','business03','营业员','18362921236',2000,2),('Businesser69','夜华','business03','营业员','18362921236',2000,2),('Businesser7','叠风','business03','营业员','18362921236',2000,2),('Businesser8','令羽','business03','营业员','18362921236',2000,2),('Businesser9','白真','business03','营业员','18362921236',2000,2),('Financer0','王丽莉','finance01','理财师','18362921237',4000,3),('Financer1','白浅','finance01','理财师','18362921237',4000,3),('Financer10','折颜','finance01','理财师','18362921237',4000,3),('Financer11','王丽莉','finance01','理财师','18362921237',4000,3),('Financer12','白浅','finance01','理财师','18362921237',4000,3),('Financer13','白凤九','finance01','理财师','18362921237',4000,3),('Financer14','夜华','finance01','理财师','18362921237',4000,3),('Financer15','东华','finance01','理财师','18362921237',4000,3),('Financer16','莫渊','finance01','理财师','18362921237',4000,3),('Financer17','玄女','finance01','理财师','18362921237',4000,3),('Financer18','叠风','finance01','理财师','18362921237',4000,3),('Financer19','令羽','finance01','理财师','18362921237',4000,3),('Financer2','白凤九','finance01','理财师','18362921237',4000,3),('Financer3','夜华','finance01','理财师','18362921237',4000,3),('Financer4','东华','finance01','理财师','18362921237',4000,3),('Financer5','莫渊','finance01','理财师','18362921237',4000,3),('Financer6','玄女','finance01','理财师','18362921237',4000,3),('Financer7','叠风','finance01','理财师','18362921237',4000,3),('Financer8','令羽','finance01','理财师','18362921237',4000,3),('Financer9','白真','finance01','理财师','18362921237',4000,3),('fm0','王丽莉','finance0','部长','18362921234',8000,5),('fm1','白浅','finance1','部长','18362921234',8000,5),('fm10','折颜','finance10','部长','18362921234',8000,5),('fm11','阿离','finance11','部长','18362921234',8000,5),('fm12','奈奈','finance12','部长','18362921234',8000,5),('fm13','司命','finance13','部长','18362921234',8000,5),('fm14','连宋','finance14','部长','18362921234',8000,5),('fm15','成玉','finance15','部长','18362921234',8000,5),('fm16','迷谷','finance16','部长','18362921234',8000,5),('fm17','子澜','finance17','部长','18362921234',8000,5),('fm18','少辛','finance18','部长','18362921234',8000,5),('fm19','桑籍','finance19','部长','18362921234',8000,5),('fm2','白凤九','finance2','部长','18362921234',8000,5),('fm20','白真','finance20','部长','18362921234',8000,5),('fm21','折颜','finance21','部长','18362921234',8000,5),('fm22','王丽莉','finance22','部长','18362921234',8000,5),('fm23','白浅','finance23','部长','18362921234',8000,5),('fm24','白凤九','finance24','部长','18362921234',8000,5),('fm3','夜华','finance3','部长','18362921234',8000,5),('fm4','东华','finance4','部长','18362921234',8000,5),('fm5','莫渊','finance5','部长','18362921234',8000,5),('fm6','玄女','finance6','部长','18362921234',8000,5),('fm7','叠风','finance7','部长','18362921234',8000,5),('fm8','令羽','finance8','部长','18362921234',8000,5),('fm9','白真','finance9','部长','18362921234',8000,5),('hm0','王丽莉','humanresource0','部长','18362921234',8000,7),('hm1','白浅','humanresource1','部长','18362921234',8000,7),('hm10','折颜','humanresource10','部长','18362921234',8000,7),('hm11','阿离','humanresource11','部长','18362921234',8000,7),('hm12','奈奈','humanresource12','部长','18362921234',8000,7),('hm13','司命','humanresource13','部长','18362921234',8000,7),('hm14','连宋','humanresource14','部长','18362921234',8000,7),('hm15','成玉','humanresource15','部长','18362921234',8000,7),('hm16','迷谷','humanresource16','部长','18362921234',8000,7),('hm17','子澜','humanresource17','部长','18362921234',8000,7),('hm18','少辛','humanresource18','部长','18362921234',8000,7),('hm19','桑籍','humanresource19','部长','18362921234',8000,7),('hm2','白凤九','humanresource2','部长','18362921234',8000,7),('hm20','白真','humanresource20','部长','18362921234',8000,7),('hm21','折颜','humanresource21','部长','18362921234',8000,7),('hm22','王丽莉','humanresource22','部长','18362921234',8000,7),('hm23','白浅','humanresource23','部长','18362921234',8000,7),('hm24','白凤九','humanresource24','部长','18362921234',8000,7),('hm3','夜华','humanresource3','部长','18362921234',8000,7),('hm4','东华','humanresource4','部长','18362921234',8000,7),('hm5','莫渊','humanresource5','部长','18362921234',8000,7),('hm6','玄女','humanresource6','部长','18362921234',8000,7),('hm7','叠风','humanresource7','部长','18362921234',8000,7),('hm8','令羽','humanresource8','部长','18362921234',8000,7),('hm9','白真','humanresource9','部长','18362921234',8000,7),('hrer0','王丽莉','hr01','人力资源管理师','18362921238',4000,3),('hrer1','白浅','hr01','人力资源管理师','18362921238',4000,3),('hrer10','折颜','hr01','人力资源管理师','18362921238',4000,3),('hrer11','王丽莉','hr01','人力资源管理师','18362921238',4000,3),('hrer12','白浅','hr01','人力资源管理师','18362921238',4000,3),('hrer13','白凤九','hr01','人力资源管理师','18362921238',4000,3),('hrer14','夜华','hr01','人力资源管理师','18362921238',4000,3),('hrer15','东华','hr01','人力资源管理师','18362921238',4000,3),('hrer16','莫渊','hr01','人力资源管理师','18362921238',4000,3),('hrer17','玄女','hr01','人力资源管理师','18362921238',4000,3),('hrer18','叠风','hr01','人力资源管理师','18362921238',4000,3),('hrer19','令羽','hr01','人力资源管理师','18362921238',4000,3),('hrer2','白凤九','hr01','人力资源管理师','18362921238',4000,3),('hrer3','夜华','hr01','人力资源管理师','18362921238',4000,3),('hrer4','东华','hr01','人力资源管理师','18362921238',4000,3),('hrer5','莫渊','hr01','人力资源管理师','18362921238',4000,3),('hrer6','玄女','hr01','人力资源管理师','18362921238',4000,3),('hrer7','叠风','hr01','人力资源管理师','18362921238',4000,3),('hrer8','令羽','hr01','人力资源管理师','18362921238',4000,3),('hrer9','白真','hr01','人力资源管理师','18362921238',4000,3),('im0','王丽莉','investion0','部长','18362921234',9000,8),('im1','白浅','investion1','部长','18362921234',9000,8),('im10','折颜','investion10','部长','18362921234',9000,8),('im11','阿离','investion11','部长','18362921234',9000,8),('im12','奈奈','investion12','部长','18362921234',9000,8),('im13','司命','investion13','部长','18362921234',9000,8),('im14','连宋','investion14','部长','18362921234',9000,8),('im15','成玉','investion15','部长','18362921234',9000,8),('im16','迷谷','investion16','部长','18362921234',9000,8),('im17','子澜','investion17','部长','18362921234',9000,8),('im18','少辛','investion18','部长','18362921234',9000,8),('im19','桑籍','investion19','部长','18362921234',9000,8),('im2','白凤九','investion2','部长','18362921234',9000,8),('im20','白真','investion20','部长','18362921234',9000,8),('im21','折颜','investion21','部长','18362921234',9000,8),('im22','王丽莉','investion22','部长','18362921234',9000,8),('im23','白浅','investion23','部长','18362921234',9000,8),('im24','白凤九','investion24','部长','18362921234',9000,8),('im3','夜华','investion3','部长','18362921234',9000,8),('im4','东华','investion4','部长','18362921234',9000,8),('im5','莫渊','investion5','部长','18362921234',9000,8),('im6','玄女','investion6','部长','18362921234',9000,8),('im7','叠风','investion7','部长','18362921234',9000,8),('im8','令羽','investion8','部长','18362921234',9000,8),('im9','白真','investion9','部长','18362921234',9000,8),('Researcher0','王丽莉','research01','研究员','18362921234',2000,2),('Researcher1','白浅','research01','研究员','18362921234',2000,2),('Researcher2','白凤九','research01','研究员','18362921234',2000,2),('Researcher3','夜华','research01','研究员','18362921234',2000,2),('Researcher4','东华','research01','研究员','18362921234',2000,2),('Researcher5','莫渊','research01','研究员','18362921234',2000,2),('Researcher6','玄女','research01','研究员','18362921234',2000,2),('Researcher7','叠风','research01','研究员','18362921234',2000,2),('Researcher8','令羽','research01','研究员','18362921234',2000,2),('Researcher9','白真','research01','研究员','18362921234',2000,2),('rm0','王丽莉','research0','部长','18362921234',10000,6),('rm1','白浅','research1','部长','18362921234',10000,6),('rm10','折颜','research10','部长','18362921234',10000,6),('rm11','阿离','research11','部长','18362921234',10000,6),('rm12','奈奈','research12','部长','18362921234',10000,6),('rm13','司命','research13','部长','18362921234',10000,6),('rm14','连宋','research14','部长','18362921234',10000,6),('rm15','成玉','research15','部长','18362921234',10000,6),('rm16','迷谷','research16','部长','18362921234',10000,6),('rm17','子澜','research17','部长','18362921234',10000,6),('rm18','少辛','research18','部长','18362921234',10000,6),('rm19','桑籍','research19','部长','18362921234',10000,6),('rm2','白凤九','research2','部长','18362921234',10000,6),('rm20','白真','research20','部长','18362921234',10000,6),('rm21','折颜','research21','部长','18362921234',10000,6),('rm22','王丽莉','research22','部长','18362921234',10000,6),('rm23','白浅','research23','部长','18362921234',10000,6),('rm24','白凤九','research24','部长','18362921234',10000,6),('rm3','夜华','research3','部长','18362921234',10000,6),('rm4','东华','research4','部长','18362921234',10000,6),('rm5','莫渊','research5','部长','18362921234',10000,6),('rm6','玄女','research6','部长','18362921234',10000,6),('rm7','叠风','research7','部长','18362921234',10000,6),('rm8','令羽','research8','部长','18362921234',10000,6),('rm9','白真','research9','部长','18362921234',10000,6),('Servicer0','王丽莉','service01','客服','18362921235',2000,2),('Servicer1','白浅','service01','客服','18362921235',2000,2),('Servicer10','折颜','service01','客服','18362921235',2000,2),('Servicer11','王丽莉','service01','客服','18362921235',2000,2),('Servicer12','白浅','service01','客服','18362921235',2000,2),('Servicer13','白凤九','service01','客服','18362921235',2000,2),('Servicer14','夜华','service01','客服','18362921235',2000,2),('Servicer15','东华','service01','客服','18362921235',2000,2),('Servicer16','莫渊','service01','客服','18362921235',2000,2),('Servicer17','玄女','service01','客服','18362921235',2000,2),('Servicer18','叠风','service01','客服','18362921235',2000,2),('Servicer19','令羽','service01','客服','18362921235',2000,2),('Servicer2','白凤九','service01','客服','18362921235',2000,2),('Servicer20','白真','service01','客服','18362921235',2000,2),('Servicer21','折颜','service01','客服','18362921235',2000,2),('Servicer22','王丽莉','service01','客服','18362921235',2000,2),('Servicer23','白浅','service01','客服','18362921235',2000,2),('Servicer24','白凤九','service01','客服','18362921235',2000,2),('Servicer25','夜华','service01','客服','18362921235',2000,2),('Servicer26','东华','service01','客服','18362921235',2000,2),('Servicer27','莫渊','service01','客服','18362921235',2000,2),('Servicer28','玄女','service01','客服','18362921235',2000,2),('Servicer29','叠风','service01','客服','18362921235',2000,2),('Servicer3','夜华','service01','客服','18362921235',2000,2),('Servicer30','令羽','service01','客服','18362921235',2000,2),('Servicer31','白真','service01','客服','18362921235',2000,2),('Servicer32','折颜','service01','客服','18362921235',2000,2),('Servicer33','王丽莉','service01','客服','18362921235',2000,2),('Servicer34','白浅','service01','客服','18362921235',2000,2),('Servicer35','白凤九','service01','客服','18362921235',2000,2),('Servicer36','夜华','service01','客服','18362921235',2000,2),('Servicer37','东华','service01','客服','18362921235',2000,2),('Servicer38','莫渊','service01','客服','18362921235',2000,2),('Servicer39','玄女','service01','客服','18362921235',2000,2),('Servicer4','东华','service01','客服','18362921235',2000,2),('Servicer40','叠风','service01','客服','18362921235',2000,2),('Servicer41','令羽','service01','客服','18362921235',2000,2),('Servicer42','白真','service01','客服','18362921235',2000,2),('Servicer43','折颜','service01','客服','18362921235',2000,2),('Servicer44','王丽莉','service01','客服','18362921235',2000,2),('Servicer45','白浅','service01','客服','18362921235',2000,2),('Servicer46','白凤九','service01','客服','18362921235',2000,2),('Servicer47','夜华','service01','客服','18362921235',2000,2),('Servicer48','东华','service01','客服','18362921235',2000,2),('Servicer49','莫渊','service01','客服','18362921235',2000,2),('Servicer5','莫渊','service01','客服','18362921235',2000,2),('Servicer50','玄女','service01','客服','18362921235',2000,2),('Servicer51','叠风','service01','客服','18362921235',2000,2),('Servicer52','令羽','service01','客服','18362921235',2000,2),('Servicer53','白真','service01','客服','18362921235',2000,2),('Servicer54','折颜','service01','客服','18362921235',2000,2),('Servicer55','王丽莉','service01','客服','18362921235',2000,2),('Servicer56','白浅','service01','客服','18362921235',2000,2),('Servicer57','白凤九','service01','客服','18362921235',2000,2),('Servicer58','夜华','service01','客服','18362921235',2000,2),('Servicer59','东华','service01','客服','18362921235',2000,2),('Servicer6','玄女','service01','客服','18362921235',2000,2),('Servicer60','莫渊','service01','客服','18362921235',2000,2),('Servicer61','玄女','service01','客服','18362921235',2000,2),('Servicer62','叠风','service01','客服','18362921235',2000,2),('Servicer63','令羽','service01','客服','18362921235',2000,2),('Servicer64','白真','service01','客服','18362921235',2000,2),('Servicer65','折颜','service01','客服','18362921235',2000,2),('Servicer66','王丽莉','service01','客服','18362921235',2000,2),('Servicer67','白浅','service01','客服','18362921235',2000,2),('Servicer68','白凤九','service01','客服','18362921235',2000,2),('Servicer69','夜华','service01','客服','18362921235',2000,2),('Servicer7','叠风','service01','客服','18362921235',2000,2),('Servicer8','令羽','service01','客服','18362921235',2000,2),('Servicer9','白真','service01','客服','18362921235',2000,2),('sm0','王丽莉','service0','部长','18362921234',8000,5),('sm1','白浅','service1','部长','18362921234',8000,5),('sm10','折颜','service10','部长','18362921234',8000,5),('sm11','阿离','service11','部长','18362921234',8000,5),('sm12','奈奈','service12','部长','18362921234',8000,5),('sm13','司命','service13','部长','18362921234',8000,5),('sm14','连宋','service14','部长','18362921234',8000,5),('sm15','成玉','service15','部长','18362921234',8000,5),('sm16','迷谷','service16','部长','18362921234',8000,5),('sm17','子澜','service17','部长','18362921234',8000,5),('sm18','少辛','service18','部长','18362921234',8000,5),('sm19','桑籍','service19','部长','18362921234',8000,5),('sm2','白凤九','service2','部长','18362921234',8000,5),('sm20','白真','service20','部长','18362921234',8000,5),('sm21','折颜','service21','部长','18362921234',8000,5),('sm22','王丽莉','service22','部长','18362921234',8000,5),('sm23','白浅','service23','部长','18362921234',8000,5),('sm24','白凤九','service24','部长','18362921234',8000,5),('sm3','夜华','service3','部长','18362921234',8000,5),('sm4','东华','service4','部长','18362921234',8000,5),('sm5','莫渊','service5','部长','18362921234',8000,5),('sm6','玄女','service6','部长','18362921234',8000,5),('sm7','叠风','service7','部长','18362921234',8000,5),('sm8','令羽','service8','部长','18362921234',8000,5),('sm9','白真','service9','部长','18362921234',8000,5);
/*!40000 ALTER TABLE `staff` ENABLE KEYS */;
UNLOCK TABLES;

--
-- Current Database: `Investment_DB`
--

CREATE DATABASE /*!32312 IF NOT EXISTS*/ `Investment_DB` /*!40100 DEFAULT CHARACTER SET utf8 */;

USE `Investment_DB`;

--
-- Table structure for table `invest_plan`
--

DROP TABLE IF EXISTS `invest_plan`;
/*!40101 SET @saved_cs_client     = @@character_set_client */;
/*!40101 SET character_set_client = utf8 */;
CREATE TABLE `invest_plan` (
  `ID` varchar(45) NOT NULL,
  `name` varchar(45) DEFAULT NULL,
  `date` varchar(45) DEFAULT NULL,
  `analyerId` varchar(45) DEFAULT NULL,
  `object` varchar(45) DEFAULT NULL,
  `quantity` varchar(45) DEFAULT NULL,
  `result` int(11) DEFAULT NULL,
  `descrption` varchar(45) DEFAULT NULL,
  PRIMARY KEY (`ID`)
) ENGINE=InnoDB DEFAULT CHARSET=utf8;
/*!40101 SET character_set_client = @saved_cs_client */;

--
-- Dumping data for table `invest_plan`
--

LOCK TABLES `invest_plan` WRITE;
/*!40000 ALTER TABLE `invest_plan` DISABLE KEYS */;
INSERT INTO `invest_plan` VALUES ('inp0','赞助三生三世十里桃花','2016-09-09','Invester0','广告','12345678',1,'广告投资'),('inp1','赞助三生三世十里桃花','2016-09-09','Invester1','广告','12345678',1,'广告投资'),('inp10','赞助三生三世十里桃花','2016-09-09','Invester10','广告','12345678',1,'广告投资'),('inp11','赞助三生三世十里桃花','2016-09-09','Invester11','广告','12345678',1,'广告投资'),('inp12','赞助三生三世十里桃花','2016-09-09','Invester12','广告','12345678',1,'广告投资'),('inp13','赞助三生三世十里桃花','2016-09-09','Invester13','广告','12345678',1,'广告投资'),('inp14','赞助三生三世十里桃花','2016-09-09','Invester14','广告','12345678',1,'广告投资'),('inp15','赞助三生三世十里桃花','2016-09-09','Invester15','广告','12345678',1,'广告投资'),('inp16','赞助三生三世十里桃花','2016-09-09','Invester16','广告','12345678',1,'广告投资'),('inp17','赞助三生三世十里桃花','2016-09-09','Invester17','广告','12345678',1,'广告投资'),('inp18','赞助三生三世十里桃花','2016-09-09','Invester18','广告','12345678',1,'广告投资'),('inp19','赞助三生三世十里桃花','2016-09-09','Invester19','广告','12345678',1,'广告投资'),('inp2','赞助三生三世十里桃花','2016-09-09','Invester2','广告','12345678',1,'广告投资'),('inp20','赞助三生三世十里桃花','2016-09-09','Invester20','广告','12345678',1,'广告投资'),('inp21','赞助三生三世十里桃花','2016-09-09','Invester21','广告','12345678',1,'广告投资'),('inp22','赞助三生三世十里桃花','2016-09-09','Invester22','广告','12345678',1,'广告投资'),('inp23','赞助三生三世十里桃花','2016-09-09','Invester23','广告','12345678',1,'广告投资'),('inp24','赞助三生三世十里桃花','2016-09-09','Invester24','广告','12345678',1,'广告投资'),('inp25','赞助三生三世十里桃花','2016-09-09','Invester25','广告','12345678',1,'广告投资'),('inp26','赞助三生三世十里桃花','2016-09-09','Invester26','广告','12345678',1,'广告投资'),('inp27','赞助三生三世十里桃花','2016-09-09','Invester27','广告','12345678',1,'广告投资'),('inp28','赞助三生三世十里桃花','2016-09-09','Invester28','广告','12345678',1,'广告投资'),('inp29','赞助三生三世十里桃花','2016-09-09','Invester29','广告','12345678',1,'广告投资'),('inp3','赞助三生三世十里桃花','2016-09-09','Invester3','广告','12345678',1,'广告投资'),('inp30','赞助三生三世十里桃花','2016-09-09','Invester30','广告','12345678',1,'广告投资'),('inp31','赞助三生三世十里桃花','2016-09-09','Invester31','广告','12345678',1,'广告投资'),('inp32','赞助三生三世十里桃花','2016-09-09','Invester32','广告','12345678',1,'广告投资'),('inp33','赞助三生三世十里桃花','2016-09-09','Invester33','广告','12345678',1,'广告投资'),('inp34','赞助三生三世十里桃花','2016-09-09','Invester34','广告','12345678',1,'广告投资'),('inp35','赞助三生三世十里桃花','2016-09-09','Invester35','广告','12345678',1,'广告投资'),('inp36','赞助三生三世十里桃花','2016-09-09','Invester36','广告','12345678',1,'广告投资'),('inp37','赞助三生三世十里桃花','2016-09-09','Invester37','广告','12345678',1,'广告投资'),('inp38','赞助三生三世十里桃花','2016-09-09','Invester38','广告','12345678',1,'广告投资'),('inp39','赞助三生三世十里桃花','2016-09-09','Invester39','广告','12345678',1,'广告投资'),('inp4','赞助三生三世十里桃花','2016-09-09','Invester4','广告','12345678',1,'广告投资'),('inp40','赞助三生三世十里桃花','2016-09-09','Invester40','广告','12345678',1,'广告投资'),('inp41','赞助三生三世十里桃花','2016-09-09','Invester41','广告','12345678',1,'广告投资'),('inp42','赞助三生三世十里桃花','2016-09-09','Invester42','广告','12345678',1,'广告投资'),('inp43','赞助三生三世十里桃花','2016-09-09','Invester43','广告','12345678',1,'广告投资'),('inp44','赞助三生三世十里桃花','2016-09-09','Invester44','广告','12345678',1,'广告投资'),('inp45','赞助三生三世十里桃花','2016-09-09','Invester45','广告','12345678',1,'广告投资'),('inp46','赞助三生三世十里桃花','2016-09-09','Invester46','广告','12345678',1,'广告投资'),('inp47','赞助三生三世十里桃花','2016-09-09','Invester47','广告','12345678',1,'广告投资'),('inp48','赞助三生三世十里桃花','2016-09-09','Invester48','广告','12345678',1,'广告投资'),('inp49','赞助三生三世十里桃花','2016-09-09','Invester49','广告','12345678',1,'广告投资'),('inp5','赞助三生三世十里桃花','2016-09-09','Invester5','广告','12345678',1,'广告投资'),('inp50','赞助三生三世十里桃花','2016-09-09','Invester50','广告','12345678',1,'广告投资'),('inp51','赞助三生三世十里桃花','2016-09-09','Invester51','广告','12345678',1,'广告投资'),('inp52','赞助三生三世十里桃花','2016-09-09','Invester52','广告','12345678',1,'广告投资'),('inp53','赞助三生三世十里桃花','2016-09-09','Invester53','广告','12345678',1,'广告投资'),('inp54','赞助三生三世十里桃花','2016-09-09','Invester54','广告','12345678',1,'广告投资'),('inp55','赞助三生三世十里桃花','2016-09-09','Invester55','广告','12345678',1,'广告投资'),('inp56','赞助三生三世十里桃花','2016-09-09','Invester56','广告','12345678',1,'广告投资'),('inp57','赞助三生三世十里桃花','2016-09-09','Invester57','广告','12345678',1,'广告投资'),('inp58','赞助三生三世十里桃花','2016-09-09','Invester58','广告','12345678',1,'广告投资'),('inp59','赞助三生三世十里桃花','2016-09-09','Invester59','广告','12345678',1,'广告投资'),('inp6','赞助三生三世十里桃花','2016-09-09','Invester6','广告','12345678',1,'广告投资'),('inp60','赞助三生三世十里桃花','2016-09-09','Invester60','广告','12345678',1,'广告投资'),('inp61','赞助三生三世十里桃花','2016-09-09','Invester61','广告','12345678',1,'广告投资'),('inp62','赞助三生三世十里桃花','2016-09-09','Invester62','广告','12345678',1,'广告投资'),('inp63','赞助三生三世十里桃花','2016-09-09','Invester63','广告','12345678',1,'广告投资'),('inp64','赞助三生三世十里桃花','2016-09-09','Invester64','广告','12345678',1,'广告投资'),('inp65','赞助三生三世十里桃花','2016-09-09','Invester65','广告','12345678',1,'广告投资'),('inp66','赞助三生三世十里桃花','2016-09-09','Invester66','广告','12345678',1,'广告投资'),('inp67','赞助三生三世十里桃花','2016-09-09','Invester67','广告','12345678',1,'广告投资'),('inp68','赞助三生三世十里桃花','2016-09-09','Invester68','广告','12345678',1,'广告投资'),('inp69','赞助三生三世十里桃花','2016-09-09','Invester69','广告','12345678',1,'广告投资'),('inp7','赞助三生三世十里桃花','2016-09-09','Invester7','广告','12345678',1,'广告投资'),('inp8','赞助三生三世十里桃花','2016-09-09','Invester8','广告','12345678',1,'广告投资'),('inp9','赞助三生三世十里桃花','2016-09-09','Invester9','广告','12345678',1,'广告投资');
/*!40000 ALTER TABLE `invest_plan` ENABLE KEYS */;
UNLOCK TABLES;

--
-- Table structure for table `invest_project`
--

DROP TABLE IF EXISTS `invest_project`;
/*!40101 SET @saved_cs_client     = @@character_set_client */;
/*!40101 SET character_set_client = utf8 */;
CREATE TABLE `invest_project` (
  `ID` int(11) NOT NULL,
  `projectID` varchar(45) DEFAULT NULL,
  `pmid` varchar(45) DEFAULT NULL,
  `object` varchar(45) DEFAULT NULL,
  `quantity` varchar(45) DEFAULT NULL,
  `date` varchar(45) DEFAULT NULL,
  `description` varchar(45) DEFAULT NULL,
  `name` varchar(45) DEFAULT NULL,
  PRIMARY KEY (`ID`)
) ENGINE=InnoDB DEFAULT CHARSET=utf8;
/*!40101 SET character_set_client = @saved_cs_client */;

--
-- Dumping data for table `invest_project`
--

LOCK TABLES `invest_project` WRITE;
/*!40000 ALTER TABLE `invest_project` DISABLE KEYS */;
INSERT INTO `invest_project` VALUES (0,'inp0','im20','广告','12345678','2016-09-09','广告投资','赞助三生三世十里桃花'),(1,'inp1','im20','广告','12345678','2016-09-09','广告投资','赞助三生三世十里桃花'),(2,'inp2','im20','广告','12345678','2016-09-09','广告投资','赞助三生三世十里桃花'),(3,'inp3','im20','广告','12345678','2016-09-09','广告投资','赞助三生三世十里桃花'),(4,'inp4','im20','广告','12345678','2016-09-09','广告投资','赞助三生三世十里桃花'),(5,'inp5','im20','广告','12345678','2016-09-09','广告投资','赞助三生三世十里桃花'),(6,'inp6','im20','广告','12345678','2016-09-09','广告投资','赞助三生三世十里桃花'),(7,'inp7','im20','广告','12345678','2016-09-09','广告投资','赞助三生三世十里桃花'),(8,'inp8','im20','广告','12345678','2016-09-09','广告投资','赞助三生三世十里桃花'),(9,'inp9','im20','广告','12345678','2016-09-09','广告投资','赞助三生三世十里桃花'),(10,'inp10','im20','广告','12345678','2016-09-09','广告投资','赞助三生三世十里桃花'),(11,'inp11','im20','广告','12345678','2016-09-09','广告投资','赞助三生三世十里桃花'),(12,'inp12','im20','广告','12345678','2016-09-09','广告投资','赞助三生三世十里桃花'),(13,'inp13','im20','广告','12345678','2016-09-09','广告投资','赞助三生三世十里桃花'),(14,'inp14','im20','广告','12345678','2016-09-09','广告投资','赞助三生三世十里桃花'),(15,'inp15','im20','广告','12345678','2016-09-09','广告投资','赞助三生三世十里桃花'),(16,'inp16','im20','广告','12345678','2016-09-09','广告投资','赞助三生三世十里桃花'),(17,'inp17','im20','广告','12345678','2016-09-09','广告投资','赞助三生三世十里桃花'),(18,'inp18','im20','广告','12345678','2016-09-09','广告投资','赞助三生三世十里桃花'),(19,'inp19','im20','广告','12345678','2016-09-09','广告投资','赞助三生三世十里桃花'),(20,'inp20','im20','广告','12345678','2016-09-09','广告投资','赞助三生三世十里桃花'),(21,'inp21','im20','广告','12345678','2016-09-09','广告投资','赞助三生三世十里桃花'),(22,'inp22','im20','广告','12345678','2016-09-09','广告投资','赞助三生三世十里桃花'),(23,'inp23','im20','广告','12345678','2016-09-09','广告投资','赞助三生三世十里桃花'),(24,'inp24','im20','广告','12345678','2016-09-09','广告投资','赞助三生三世十里桃花'),(25,'inp25','im20','广告','12345678','2016-09-09','广告投资','赞助三生三世十里桃花'),(26,'inp26','im20','广告','12345678','2016-09-09','广告投资','赞助三生三世十里桃花'),(27,'inp27','im20','广告','12345678','2016-09-09','广告投资','赞助三生三世十里桃花'),(28,'inp28','im20','广告','12345678','2016-09-09','广告投资','赞助三生三世十里桃花'),(29,'inp29','im20','广告','12345678','2016-09-09','广告投资','赞助三生三世十里桃花'),(30,'inp30','im20','广告','12345678','2016-09-09','广告投资','赞助三生三世十里桃花'),(31,'inp31','im20','广告','12345678','2016-09-09','广告投资','赞助三生三世十里桃花'),(32,'inp32','im20','广告','12345678','2016-09-09','广告投资','赞助三生三世十里桃花'),(33,'inp33','im20','广告','12345678','2016-09-09','广告投资','赞助三生三世十里桃花'),(34,'inp34','im20','广告','12345678','2016-09-09','广告投资','赞助三生三世十里桃花'),(35,'inp35','im20','广告','12345678','2016-09-09','广告投资','赞助三生三世十里桃花'),(36,'inp36','im20','广告','12345678','2016-09-09','广告投资','赞助三生三世十里桃花'),(37,'inp37','im20','广告','12345678','2016-09-09','广告投资','赞助三生三世十里桃花'),(38,'inp38','im20','广告','12345678','2016-09-09','广告投资','赞助三生三世十里桃花'),(39,'inp39','im20','广告','12345678','2016-09-09','广告投资','赞助三生三世十里桃花'),(40,'inp40','im20','广告','12345678','2016-09-09','广告投资','赞助三生三世十里桃花'),(41,'inp41','im20','广告','12345678','2016-09-09','广告投资','赞助三生三世十里桃花'),(42,'inp42','im20','广告','12345678','2016-09-09','广告投资','赞助三生三世十里桃花'),(43,'inp43','im20','广告','12345678','2016-09-09','广告投资','赞助三生三世十里桃花'),(44,'inp44','im20','广告','12345678','2016-09-09','广告投资','赞助三生三世十里桃花'),(45,'inp45','im20','广告','12345678','2016-09-09','广告投资','赞助三生三世十里桃花'),(46,'inp46','im20','广告','12345678','2016-09-09','广告投资','赞助三生三世十里桃花'),(47,'inp47','im20','广告','12345678','2016-09-09','广告投资','赞助三生三世十里桃花'),(48,'inp48','im20','广告','12345678','2016-09-09','广告投资','赞助三生三世十里桃花'),(49,'inp49','im20','广告','12345678','2016-09-09','广告投资','赞助三生三世十里桃花'),(50,'inp50','im20','广告','12345678','2016-09-09','广告投资','赞助三生三世十里桃花'),(51,'inp51','im20','广告','12345678','2016-09-09','广告投资','赞助三生三世十里桃花'),(52,'inp52','im20','广告','12345678','2016-09-09','广告投资','赞助三生三世十里桃花'),(53,'inp53','im20','广告','12345678','2016-09-09','广告投资','赞助三生三世十里桃花'),(54,'inp54','im20','广告','12345678','2016-09-09','广告投资','赞助三生三世十里桃花'),(55,'inp55','im20','广告','12345678','2016-09-09','广告投资','赞助三生三世十里桃花'),(56,'inp56','im20','广告','12345678','2016-09-09','广告投资','赞助三生三世十里桃花'),(57,'inp57','im20','广告','12345678','2016-09-09','广告投资','赞助三生三世十里桃花'),(58,'inp58','im20','广告','12345678','2016-09-09','广告投资','赞助三生三世十里桃花'),(59,'inp59','im20','广告','12345678','2016-09-09','广告投资','赞助三生三世十里桃花'),(60,'inp60','im20','广告','12345678','2016-09-09','广告投资','赞助三生三世十里桃花'),(61,'inp61','im20','广告','12345678','2016-09-09','广告投资','赞助三生三世十里桃花'),(62,'inp62','im20','广告','12345678','2016-09-09','广告投资','赞助三生三世十里桃花'),(63,'inp63','im20','广告','12345678','2016-09-09','广告投资','赞助三生三世十里桃花'),(64,'inp64','im20','广告','12345678','2016-09-09','广告投资','赞助三生三世十里桃花'),(65,'inp65','im20','广告','12345678','2016-09-09','广告投资','赞助三生三世十里桃花'),(66,'inp66','im20','广告','12345678','2016-09-09','广告投资','赞助三生三世十里桃花'),(67,'inp67','im20','广告','12345678','2016-09-09','广告投资','赞助三生三世十里桃花'),(68,'inp68','im20','广告','12345678','2016-09-09','广告投资','赞助三生三世十里桃花'),(69,'inp69','im20','广告','12345678','2016-09-09','广告投资','赞助三生三世十里桃花');
/*!40000 ALTER TABLE `invest_project` ENABLE KEYS */;
UNLOCK TABLES;

--
-- Table structure for table `invester`
--

DROP TABLE IF EXISTS `invester`;
/*!40101 SET @saved_cs_client     = @@character_set_client */;
/*!40101 SET character_set_client = utf8 */;
CREATE TABLE `invester` (
  `ID` varchar(45) NOT NULL,
  `name` varchar(45) DEFAULT NULL,
  `position` varchar(45) DEFAULT NULL,
  `phone_number` varchar(45) DEFAULT NULL,
  PRIMARY KEY (`ID`)
) ENGINE=InnoDB DEFAULT CHARSET=utf8;
/*!40101 SET character_set_client = @saved_cs_client */;

--
-- Dumping data for table `invester`
--

LOCK TABLES `invester` WRITE;
/*!40000 ALTER TABLE `invester` DISABLE KEYS */;
INSERT INTO `invester` VALUES ('Invester0','王丽莉','研究员','18261911234'),('Invester1','白浅','研究员','13773568900'),('Invester10','折颜','研究员','13773568900'),('Invester11','阿离','研究员','13951295690'),('Invester12','奈奈','研究员','18261911234'),('Invester13','司命','研究员','13773568900'),('Invester14','连宋','研究员','13951295690'),('Invester15','成玉','研究员','18261911234'),('Invester16','迷谷','研究员','13773568900'),('Invester17','子澜','研究员','13951295690'),('Invester18','少辛','研究员','18261911234'),('Invester19','王丽莉','研究员','13773568900'),('Invester2','白凤九','研究员','13951295690'),('Invester20','白浅','研究员','13951295690'),('Invester21','白凤九','研究员','18261911234'),('Invester22','夜华','研究员','13773568900'),('Invester23','东华','研究员','13951295690'),('Invester24','莫渊','研究员','18261911234'),('Invester25','玄女','研究员','13773568900'),('Invester26','叠风','研究员','13951295690'),('Invester27','令羽','研究员','18261911234'),('Invester28','白真','研究员','13773568900'),('Invester29','折颜','研究员','13951295690'),('Invester3','夜华','研究员','18261911234'),('Invester30','阿离','研究员','18261911234'),('Invester31','奈奈','研究员','13773568900'),('Invester32','司命','研究员','13951295690'),('Invester33','连宋','研究员','18261911234'),('Invester34','成玉','研究员','13773568900'),('Invester35','迷谷','研究员','13951295690'),('Invester36','子澜','研究员','18261911234'),('Invester37','少辛','研究员','13773568900'),('Invester38','王丽莉','研究员','13951295690'),('Invester39','白浅','研究员','18261911234'),('Invester4','东华','研究员','13773568900'),('Invester40','白凤九','研究员','13773568900'),('Invester41','夜华','研究员','13951295690'),('Invester42','东华','研究员','18261911234'),('Invester43','莫渊','研究员','13773568900'),('Invester44','玄女','研究员','13951295690'),('Invester45','叠风','研究员','18261911234'),('Invester46','令羽','研究员','13773568900'),('Invester47','白真','研究员','13951295690'),('Invester48','折颜','研究员','18261911234'),('Invester49','阿离','研究员','13773568900'),('Invester5','莫渊','研究员','13951295690'),('Invester50','奈奈','研究员','13951295690'),('Invester51','司命','研究员','18261911234'),('Invester52','连宋','研究员','13773568900'),('Invester53','成玉','研究员','13951295690'),('Invester54','迷谷','研究员','18261911234'),('Invester55','子澜','研究员','13773568900'),('Invester56','少辛','研究员','13951295690'),('Invester57','王丽莉','研究员','18261911234'),('Invester58','白浅','研究员','13773568900'),('Invester59','白凤九','研究员','13951295690'),('Invester6','玄女','研究员','18261911234'),('Invester60','夜华','研究员','18261911234'),('Invester61','东华','研究员','13773568900'),('Invester62','莫渊','研究员','13951295690'),('Invester63','玄女','研究员','18261911234'),('Invester64','叠风','研究员','13773568900'),('Invester65','令羽','研究员','13951295690'),('Invester66','白真','研究员','18261911234'),('Invester67','折颜','研究员','13773568900'),('Invester68','阿离','研究员','13951295690'),('Invester69','奈奈','研究员','18261911234'),('Invester7','叠风','研究员','13773568900'),('Invester8','令羽','研究员','13951295690'),('Invester9','白真','研究员','18261911234');
/*!40000 ALTER TABLE `invester` ENABLE KEYS */;
UNLOCK TABLES;

--
-- Current Database: `Service_DB`
--

CREATE DATABASE /*!32312 IF NOT EXISTS*/ `Service_DB` /*!40100 DEFAULT CHARACTER SET utf8 */;

USE `Service_DB`;

--
-- Table structure for table `complain`
--

DROP TABLE IF EXISTS `complain`;
/*!40101 SET @saved_cs_client     = @@character_set_client */;
/*!40101 SET character_set_client = utf8 */;
CREATE TABLE `complain` (
  `Id` varchar(45) NOT NULL,
  `ServiceId` varchar(45) DEFAULT NULL,
  `customerId` varchar(45) DEFAULT NULL,
  `Date` datetime DEFAULT NULL,
  `type` varchar(45) DEFAULT NULL,
  `detail` varchar(100) DEFAULT NULL,
  PRIMARY KEY (`Id`)
) ENGINE=InnoDB DEFAULT CHARSET=utf8;
/*!40101 SET character_set_client = @saved_cs_client */;

--
-- Dumping data for table `complain`
--

LOCK TABLES `complain` WRITE;
/*!40000 ALTER TABLE `complain` DISABLE KEYS */;
INSERT INTO `complain` VALUES ('complain0','Servicer0','customer0','2016-12-11 00:00:00','complain the servcie','服务态度不好'),('complain1','Servicer1','customer1','2016-01-02 00:00:00','complain the servcie','服务态度不好'),('complain10','Servicer10','customer10','2016-01-02 00:00:00','complain the servcie','服务态度不好'),('complain11','Servicer11','customer11','2016-05-03 00:00:00','complain the servcie','服务态度不好'),('complain12','Servicer12','customer12','2016-08-04 00:00:00','complain the servcie','服务态度不好'),('complain13','Servicer13','customer13','2016-03-05 00:00:00','complain the servcie','服务态度不好'),('complain14','Servicer14','customer14','2016-11-06 00:00:00','complain the servcie','服务态度不好'),('complain15','Servicer15','customer15','2016-04-07 00:00:00','complain the servcie','服务态度不好'),('complain16','Servicer16','customer16','2016-02-08 00:00:00','complain the servcie','服务态度不好'),('complain17','Servicer17','customer17','2016-06-09 00:00:00','complain the servcie','服务态度不好'),('complain18','Servicer18','customer18','2016-12-11 00:00:00','complain the servcie','服务态度不好'),('complain19','Servicer19','customer19','2016-01-02 00:00:00','complain the servcie','服务态度不好'),('complain2','Servicer2','customer2','2016-05-03 00:00:00','complain the servcie','服务态度不好'),('complain20','Servicer20','customer20','2016-05-03 00:00:00','complain the servcie','服务态度不好'),('complain21','Servicer21','customer21','2016-08-04 00:00:00','complain the servcie','服务态度不好'),('complain22','Servicer22','customer22','2016-03-05 00:00:00','complain the servcie','服务态度不好'),('complain23','Servicer23','customer23','2016-11-06 00:00:00','complain the servcie','服务态度不好'),('complain24','Servicer24','customer24','2016-04-07 00:00:00','complain the servcie','服务态度不好'),('complain25','Servicer25','customer25','2016-02-08 00:00:00','complain the servcie','服务态度不好'),('complain26','Servicer26','customer26','2016-06-09 00:00:00','complain the servcie','服务态度不好'),('complain27','Servicer27','customer27','2016-12-11 00:00:00','complain the servcie','服务态度不好'),('complain28','Servicer28','customer28','2016-01-02 00:00:00','complain the servcie','服务态度不好'),('complain29','Servicer29','customer29','2016-05-03 00:00:00','complain the servcie','服务态度不好'),('complain3','Servicer3','customer3','2016-08-04 00:00:00','complain the servcie','服务态度不好'),('complain30','Servicer30','customer30','2016-08-04 00:00:00','complain the servcie','服务态度不好'),('complain31','Servicer31','customer31','2016-03-05 00:00:00','complain the servcie','服务态度不好'),('complain32','Servicer32','customer32','2016-11-06 00:00:00','complain the servcie','服务态度不好'),('complain33','Servicer33','customer33','2016-04-07 00:00:00','complain the servcie','服务态度不好'),('complain34','Servicer34','customer34','2016-02-08 00:00:00','complain the servcie','服务态度不好'),('complain35','Servicer35','customer35','2016-06-09 00:00:00','complain the servcie','服务态度不好'),('complain36','Servicer36','customer36','2016-12-11 00:00:00','complain the servcie','服务态度不好'),('complain37','Servicer37','customer37','2016-01-02 00:00:00','complain the servcie','服务态度不好'),('complain38','Servicer38','customer38','2016-05-03 00:00:00','complain the servcie','服务态度不好'),('complain39','Servicer39','customer39','2016-08-04 00:00:00','complain the servcie','服务态度不好'),('complain4','Servicer4','customer4','2016-03-05 00:00:00','complain the servcie','服务态度不好'),('complain40','Servicer40','customer40','2016-03-05 00:00:00','complain the servcie','服务态度不好'),('complain41','Servicer41','customer41','2016-11-06 00:00:00','complain the servcie','服务态度不好'),('complain42','Servicer42','customer42','2016-04-07 00:00:00','complain the servcie','服务态度不好'),('complain43','Servicer43','customer43','2016-02-08 00:00:00','complain the servcie','服务态度不好'),('complain44','Servicer44','customer44','2016-06-09 00:00:00','complain the servcie','服务态度不好'),('complain45','Servicer45','customer45','2016-12-11 00:00:00','complain the servcie','服务态度不好'),('complain46','Servicer46','customer46','2016-01-02 00:00:00','complain the servcie','服务态度不好'),('complain47','Servicer47','customer47','2016-05-03 00:00:00','complain the servcie','服务态度不好'),('complain48','Servicer48','customer48','2016-08-04 00:00:00','complain the servcie','服务态度不好'),('complain49','Servicer49','customer49','2016-03-05 00:00:00','complain the servcie','服务态度不好'),('complain5','Servicer5','customer5','2016-11-06 00:00:00','complain the servcie','服务态度不好'),('complain50','Servicer50','customer50','2016-11-06 00:00:00','complain the servcie','服务态度不好'),('complain51','Servicer51','customer51','2016-04-07 00:00:00','complain the servcie','服务态度不好'),('complain52','Servicer52','customer52','2016-02-08 00:00:00','complain the servcie','服务态度不好'),('complain53','Servicer53','customer53','2016-06-09 00:00:00','complain the servcie','服务态度不好'),('complain54','Servicer54','customer54','2016-12-11 00:00:00','complain the servcie','服务态度不好'),('complain55','Servicer55','customer55','2016-01-02 00:00:00','complain the servcie','服务态度不好'),('complain56','Servicer56','customer56','2016-05-03 00:00:00','complain the servcie','服务态度不好'),('complain57','Servicer57','customer57','2016-08-04 00:00:00','complain the servcie','服务态度不好'),('complain58','Servicer58','customer58','2016-03-05 00:00:00','complain the servcie','服务态度不好'),('complain59','Servicer59','customer59','2016-11-06 00:00:00','complain the servcie','服务态度不好'),('complain6','Servicer6','customer6','2016-04-07 00:00:00','complain the servcie','服务态度不好'),('complain60','Servicer60','customer60','2016-04-07 00:00:00','complain the servcie','服务态度不好'),('complain61','Servicer61','customer61','2016-02-08 00:00:00','complain the servcie','服务态度不好'),('complain62','Servicer62','customer62','2016-06-09 00:00:00','complain the servcie','服务态度不好'),('complain63','Servicer63','customer63','2016-12-11 00:00:00','complain the servcie','服务态度不好'),('complain64','Servicer64','customer64','2016-01-02 00:00:00','complain the servcie','服务态度不好'),('complain65','Servicer65','customer65','2016-05-03 00:00:00','complain the servcie','服务态度不好'),('complain66','Servicer66','customer66','2016-08-04 00:00:00','complain the servcie','服务态度不好'),('complain67','Servicer67','customer67','2016-03-05 00:00:00','complain the servcie','服务态度不好'),('complain68','Servicer68','customer68','2016-11-06 00:00:00','complain the servcie','服务态度不好'),('complain69','Servicer69','customer69','2016-04-07 00:00:00','complain the servcie','服务态度不好'),('complain7','Servicer7','customer7','2016-02-08 00:00:00','complain the servcie','服务态度不好'),('complain8','Servicer8','customer8','2016-06-09 00:00:00','complain the servcie','服务态度不好'),('complain9','Servicer9','customer9','2016-12-11 00:00:00','complain the servcie','服务态度不好');
/*!40000 ALTER TABLE `complain` ENABLE KEYS */;
UNLOCK TABLES;

--
-- Table structure for table `consult`
--

DROP TABLE IF EXISTS `consult`;
/*!40101 SET @saved_cs_client     = @@character_set_client */;
/*!40101 SET character_set_client = utf8 */;
CREATE TABLE `consult` (
  `ID` varchar(45) NOT NULL,
  `ServiceId` varchar(45) DEFAULT NULL,
  `customeID` varchar(45) DEFAULT NULL,
  `Date` varchar(45) DEFAULT NULL,
  `Type` varchar(45) DEFAULT NULL,
  `Detail` varchar(100) DEFAULT NULL,
  PRIMARY KEY (`ID`)
) ENGINE=InnoDB DEFAULT CHARSET=utf8;
/*!40101 SET character_set_client = @saved_cs_client */;

--
-- Dumping data for table `consult`
--

LOCK TABLES `consult` WRITE;
/*!40000 ALTER TABLE `consult` DISABLE KEYS */;
INSERT INTO `consult` VALUES ('consult0','Servicer0','customer0','2016-12-11','consult network service','咨询网络扣费'),('consult1','Servicer1','customer1','2016-01-02','consult network service','咨询网络扣费'),('consult10','Servicer10','customer10','2016-01-02','consult network service','咨询网络扣费'),('consult11','Servicer11','customer11','2016-05-03','consult network service','咨询网络扣费'),('consult12','Servicer12','customer12','2016-08-04','consult network service','咨询网络扣费'),('consult13','Servicer13','customer13','2016-03-05','consult network service','咨询网络扣费'),('consult14','Servicer14','customer14','2016-11-06','consult network service','咨询网络扣费'),('consult15','Servicer15','customer15','2016-04-07','consult network service','咨询网络扣费'),('consult16','Servicer16','customer16','2016-02-08','consult network service','咨询网络扣费'),('consult17','Servicer17','customer17','2016-06-09','consult network service','咨询网络扣费'),('consult18','Servicer18','customer18','2016-12-11','consult network service','咨询网络扣费'),('consult19','Servicer19','customer19','2016-01-02','consult network service','咨询网络扣费'),('consult2','Servicer2','customer2','2016-05-03','consult network service','咨询网络扣费'),('consult20','Servicer20','customer20','2016-05-03','consult network service','咨询网络扣费'),('consult21','Servicer21','customer21','2016-08-04','consult network service','咨询网络扣费'),('consult22','Servicer22','customer22','2016-03-05','consult network service','咨询网络扣费'),('consult23','Servicer23','customer23','2016-11-06','consult network service','咨询网络扣费'),('consult24','Servicer24','customer24','2016-04-07','consult network service','咨询网络扣费'),('consult25','Servicer25','customer25','2016-02-08','consult network service','咨询网络扣费'),('consult26','Servicer26','customer26','2016-06-09','consult network service','咨询网络扣费'),('consult27','Servicer27','customer27','2016-12-11','consult network service','咨询网络扣费'),('consult28','Servicer28','customer28','2016-01-02','consult network service','咨询网络扣费'),('consult29','Servicer29','customer29','2016-05-03','consult network service','咨询网络扣费'),('consult3','Servicer3','customer3','2016-08-04','consult network service','咨询网络扣费'),('consult30','Servicer30','customer30','2016-08-04','consult network service','咨询网络扣费'),('consult31','Servicer31','customer31','2016-03-05','consult network service','咨询网络扣费'),('consult32','Servicer32','customer32','2016-11-06','consult network service','咨询网络扣费'),('consult33','Servicer33','customer33','2016-04-07','consult network service','咨询网络扣费'),('consult34','Servicer34','customer34','2016-02-08','consult network service','咨询网络扣费'),('consult35','Servicer35','customer35','2016-06-09','consult network service','咨询网络扣费'),('consult36','Servicer36','customer36','2016-12-11','consult network service','咨询网络扣费'),('consult37','Servicer37','customer37','2016-01-02','consult network service','咨询网络扣费'),('consult38','Servicer38','customer38','2016-05-03','consult network service','咨询网络扣费'),('consult39','Servicer39','customer39','2016-08-04','consult network service','咨询网络扣费'),('consult4','Servicer4','customer4','2016-03-05','consult network service','咨询网络扣费'),('consult40','Servicer40','customer40','2016-03-05','consult network service','咨询网络扣费'),('consult41','Servicer41','customer41','2016-11-06','consult network service','咨询网络扣费'),('consult42','Servicer42','customer42','2016-04-07','consult network service','咨询网络扣费'),('consult43','Servicer43','customer43','2016-02-08','consult network service','咨询网络扣费'),('consult44','Servicer44','customer44','2016-06-09','consult network service','咨询网络扣费'),('consult45','Servicer45','customer45','2016-12-11','consult network service','咨询网络扣费'),('consult46','Servicer46','customer46','2016-01-02','consult network service','咨询网络扣费'),('consult47','Servicer47','customer47','2016-05-03','consult network service','咨询网络扣费'),('consult48','Servicer48','customer48','2016-08-04','consult network service','咨询网络扣费'),('consult49','Servicer49','customer49','2016-03-05','consult network service','咨询网络扣费'),('consult5','Servicer5','customer5','2016-11-06','consult network service','咨询网络扣费'),('consult50','Servicer50','customer50','2016-11-06','consult network service','咨询网络扣费'),('consult51','Servicer51','customer51','2016-04-07','consult network service','咨询网络扣费'),('consult52','Servicer52','customer52','2016-02-08','consult network service','咨询网络扣费'),('consult53','Servicer53','customer53','2016-06-09','consult network service','咨询网络扣费'),('consult54','Servicer54','customer54','2016-12-11','consult network service','咨询网络扣费'),('consult55','Servicer55','customer55','2016-01-02','consult network service','咨询网络扣费'),('consult56','Servicer56','customer56','2016-05-03','consult network service','咨询网络扣费'),('consult57','Servicer57','customer57','2016-08-04','consult network service','咨询网络扣费'),('consult58','Servicer58','customer58','2016-03-05','consult network service','咨询网络扣费'),('consult59','Servicer59','customer59','2016-11-06','consult network service','咨询网络扣费'),('consult6','Servicer6','customer6','2016-04-07','consult network service','咨询网络扣费'),('consult60','Servicer60','customer60','2016-04-07','consult network service','咨询网络扣费'),('consult61','Servicer61','customer61','2016-02-08','consult network service','咨询网络扣费'),('consult62','Servicer62','customer62','2016-06-09','consult network service','咨询网络扣费'),('consult63','Servicer63','customer63','2016-12-11','consult network service','咨询网络扣费'),('consult64','Servicer64','customer64','2016-01-02','consult network service','咨询网络扣费'),('consult65','Servicer65','customer65','2016-05-03','consult network service','咨询网络扣费'),('consult66','Servicer66','customer66','2016-08-04','consult network service','咨询网络扣费'),('consult67','Servicer67','customer67','2016-03-05','consult network service','咨询网络扣费'),('consult68','Servicer68','customer68','2016-11-06','consult network service','咨询网络扣费'),('consult69','Servicer69','customer69','2016-04-07','consult network service','咨询网络扣费'),('consult7','Servicer7','customer7','2016-02-08','consult network service','咨询网络扣费'),('consult8','Servicer8','customer8','2016-06-09','consult network service','咨询网络扣费'),('consult9','Servicer9','customer9','2016-12-11','consult network service','咨询网络扣费');
/*!40000 ALTER TABLE `consult` ENABLE KEYS */;
UNLOCK TABLES;

--
-- Table structure for table `custome`
--

DROP TABLE IF EXISTS `custome`;
/*!40101 SET @saved_cs_client     = @@character_set_client */;
/*!40101 SET character_set_client = utf8 */;
CREATE TABLE `custome` (
  `Id` varchar(45) NOT NULL,
  `Name` varchar(45) DEFAULT NULL,
  `Phone_number` varchar(45) DEFAULT NULL,
  PRIMARY KEY (`Id`)
) ENGINE=InnoDB DEFAULT CHARSET=utf8;
/*!40101 SET character_set_client = @saved_cs_client */;

--
-- Dumping data for table `custome`
--

LOCK TABLES `custome` WRITE;
/*!40000 ALTER TABLE `custome` DISABLE KEYS */;
INSERT INTO `custome` VALUES ('customer0','王丽莉','18261911234'),('customer1','白浅','13773568900'),('customer10','折颜','13773568900'),('customer11','阿离','13951295690'),('customer12','奈奈','18261911234'),('customer13','司命','13773568900'),('customer14','连宋','13951295690'),('customer15','成玉','18261911234'),('customer16','迷谷','13773568900'),('customer17','子澜','13951295690'),('customer18','少辛','18261911234'),('customer19','王丽莉','13773568900'),('customer2','白凤九','13951295690'),('customer20','白浅','13951295690'),('customer21','白凤九','18261911234'),('customer22','夜华','13773568900'),('customer23','东华','13951295690'),('customer24','莫渊','18261911234'),('customer25','玄女','13773568900'),('customer26','叠风','13951295690'),('customer27','令羽','18261911234'),('customer28','白真','13773568900'),('customer29','折颜','13951295690'),('customer3','夜华','18261911234'),('customer30','阿离','18261911234'),('customer31','奈奈','13773568900'),('customer32','司命','13951295690'),('customer33','连宋','18261911234'),('customer34','成玉','13773568900'),('customer35','迷谷','13951295690'),('customer36','子澜','18261911234'),('customer37','少辛','13773568900'),('customer38','王丽莉','13951295690'),('customer39','白浅','18261911234'),('customer4','东华','13773568900'),('customer40','白凤九','13773568900'),('customer41','夜华','13951295690'),('customer42','东华','18261911234'),('customer43','莫渊','13773568900'),('customer44','玄女','13951295690'),('customer45','叠风','18261911234'),('customer46','令羽','13773568900'),('customer47','白真','13951295690'),('customer48','折颜','18261911234'),('customer49','阿离','13773568900'),('customer5','莫渊','13951295690'),('customer50','奈奈','13951295690'),('customer51','司命','18261911234'),('customer52','连宋','13773568900'),('customer53','成玉','13951295690'),('customer54','迷谷','18261911234'),('customer55','子澜','13773568900'),('customer56','少辛','13951295690'),('customer57','王丽莉','18261911234'),('customer58','白浅','13773568900'),('customer59','白凤九','13951295690'),('customer6','玄女','18261911234'),('customer60','夜华','18261911234'),('customer61','东华','13773568900'),('customer62','莫渊','13951295690'),('customer63','玄女','18261911234'),('customer64','叠风','13773568900'),('customer65','令羽','13951295690'),('customer66','白真','18261911234'),('customer67','折颜','13773568900'),('customer68','阿离','13951295690'),('customer69','奈奈','18261911234'),('customer7','叠风','13773568900'),('customer8','令羽','13951295690'),('customer9','白真','18261911234');
/*!40000 ALTER TABLE `custome` ENABLE KEYS */;
UNLOCK TABLES;

--
-- Table structure for table `servicer`
--

DROP TABLE IF EXISTS `servicer`;
/*!40101 SET @saved_cs_client     = @@character_set_client */;
/*!40101 SET character_set_client = utf8 */;
CREATE TABLE `servicer` (
  `ID` varchar(45) NOT NULL,
  `Name` varchar(45) DEFAULT NULL,
  `Position` varchar(45) DEFAULT NULL,
  `Phone_number` varchar(45) DEFAULT NULL,
  PRIMARY KEY (`ID`)
) ENGINE=InnoDB DEFAULT CHARSET=utf8;
/*!40101 SET character_set_client = @saved_cs_client */;

--
-- Dumping data for table `servicer`
--

LOCK TABLES `servicer` WRITE;
/*!40000 ALTER TABLE `servicer` DISABLE KEYS */;
INSERT INTO `servicer` VALUES ('Servicer0','王丽莉','客服','18261911234'),('Servicer1','白浅','客服','13773568900'),('Servicer10','折颜','客服','13773568900'),('Servicer11','阿离','客服','13951295690'),('Servicer12','奈奈','客服','18261911234'),('Servicer13','司命','客服','13773568900'),('Servicer14','连宋','客服','13951295690'),('Servicer15','成玉','客服','18261911234'),('Servicer16','迷谷','客服','13773568900'),('Servicer17','子澜','客服','13951295690'),('Servicer18','少辛','客服','18261911234'),('Servicer19','王丽莉','客服','13773568900'),('Servicer2','白凤九','客服','13951295690'),('Servicer20','白浅','客服','13951295690'),('Servicer21','白凤九','客服','18261911234'),('Servicer22','夜华','客服','13773568900'),('Servicer23','东华','客服','13951295690'),('Servicer24','莫渊','客服','18261911234'),('Servicer25','玄女','客服','13773568900'),('Servicer26','叠风','客服','13951295690'),('Servicer27','令羽','客服','18261911234'),('Servicer28','白真','客服','13773568900'),('Servicer29','折颜','客服','13951295690'),('Servicer3','夜华','客服','18261911234'),('Servicer30','阿离','客服','18261911234'),('Servicer31','奈奈','客服','13773568900'),('Servicer32','司命','客服','13951295690'),('Servicer33','连宋','客服','18261911234'),('Servicer34','成玉','客服','13773568900'),('Servicer35','迷谷','客服','13951295690'),('Servicer36','子澜','客服','18261911234'),('Servicer37','少辛','客服','13773568900'),('Servicer38','王丽莉','客服','13951295690'),('Servicer39','白浅','客服','18261911234'),('Servicer4','东华','客服','13773568900'),('Servicer40','白凤九','客服','13773568900'),('Servicer41','夜华','客服','13951295690'),('Servicer42','东华','客服','18261911234'),('Servicer43','莫渊','客服','13773568900'),('Servicer44','玄女','客服','13951295690'),('Servicer45','叠风','客服','18261911234'),('Servicer46','令羽','客服','13773568900'),('Servicer47','白真','客服','13951295690'),('Servicer48','折颜','客服','18261911234'),('Servicer49','阿离','客服','13773568900'),('Servicer5','莫渊','客服','13951295690'),('Servicer50','奈奈','客服','13951295690'),('Servicer51','司命','客服','18261911234'),('Servicer52','连宋','客服','13773568900'),('Servicer53','成玉','客服','13951295690'),('Servicer54','迷谷','客服','18261911234'),('Servicer55','子澜','客服','13773568900'),('Servicer56','少辛','客服','13951295690'),('Servicer57','王丽莉','客服','18261911234'),('Servicer58','白浅','客服','13773568900'),('Servicer59','白凤九','客服','13951295690'),('Servicer6','玄女','客服','18261911234'),('Servicer60','夜华','客服','18261911234'),('Servicer61','东华','客服','13773568900'),('Servicer62','莫渊','客服','13951295690'),('Servicer63','玄女','客服','18261911234'),('Servicer64','叠风','客服','13773568900'),('Servicer65','令羽','客服','13951295690'),('Servicer66','白真','客服','18261911234'),('Servicer67','折颜','客服','13773568900'),('Servicer68','阿离','客服','13951295690'),('Servicer69','奈奈','客服','18261911234'),('Servicer7','叠风','客服','13773568900'),('Servicer8','令羽','客服','13951295690'),('Servicer9','白真','客服','18261911234');
/*!40000 ALTER TABLE `servicer` ENABLE KEYS */;
UNLOCK TABLES;

--
-- Current Database: `Financemanage_DW`
--

CREATE DATABASE /*!32312 IF NOT EXISTS*/ `Financemanage_DW` /*!40100 DEFAULT CHARACTER SET utf8 */;

USE `Financemanage_DW`;

--
-- Table structure for table `department_dimension`
--

DROP TABLE IF EXISTS `department_dimension`;
/*!40101 SET @saved_cs_client     = @@character_set_client */;
/*!40101 SET character_set_client = utf8 */;
CREATE TABLE `department_dimension` (
  `department_id` varchar(45) NOT NULL,
  `department_descrpition` varchar(100) DEFAULT NULL,
  `name` varchar(45) DEFAULT NULL,
  `pm_id` varchar(45) DEFAULT NULL,
  PRIMARY KEY (`department_id`)
) ENGINE=InnoDB DEFAULT CHARSET=utf8;
/*!40101 SET character_set_client = @saved_cs_client */;

--
-- Dumping data for table `department_dimension`
--

LOCK TABLES `department_dimension` WRITE;
/*!40000 ALTER TABLE `department_dimension` DISABLE KEYS */;
INSERT INTO `department_dimension` VALUES ('business0','上海静安区营业部','客服','bm0'),('business1','上海静安区营业部','客服','bm1'),('business10','上海静安区营业部','客服','bm10'),('business11','上海静安区营业部','客服','bm11'),('business12','上海静安区营业部','客服','bm12'),('business13','上海静安区营业部','客服','bm13'),('business14','上海静安区营业部','客服','bm14'),('business15','上海静安区营业部','客服','bm15'),('business16','上海静安区营业部','客服','bm16'),('business17','上海静安区营业部','客服','bm17'),('business18','上海静安区营业部','客服','bm18'),('business19','上海静安区营业部','客服','bm19'),('business2','上海静安区营业部','客服','bm2'),('business20','上海静安区营业部','客服','bm20'),('business21','上海静安区营业部','客服','bm21'),('business22','上海静安区营业部','客服','bm22'),('business23','上海静安区营业部','客服','bm23'),('business24','上海静安区营业部','客服','bm24'),('business3','上海静安区营业部','客服','bm3'),('business4','上海静安区营业部','客服','bm4'),('business5','上海静安区营业部','客服','bm5'),('business6','上海静安区营业部','客服','bm6'),('business7','上海静安区营业部','客服','bm7'),('business8','上海静安区营业部','客服','bm8'),('business9','上海静安区营业部','客服','bm9'),('finance0','上海静安区财务','客服','fm0'),('finance1','上海静安区财务','客服','fm1'),('finance10','上海静安区财务','客服','fm10'),('finance11','上海静安区财务','客服','fm11'),('finance12','上海静安区财务','客服','fm12'),('finance13','上海静安区财务','客服','fm13'),('finance14','上海静安区财务','客服','fm14'),('finance15','上海静安区财务','客服','fm15'),('finance16','上海静安区财务','客服','fm16'),('finance17','上海静安区财务','客服','fm17'),('finance18','上海静安区财务','客服','fm18'),('finance19','上海静安区财务','客服','fm19'),('finance2','上海静安区财务','客服','fm2'),('finance20','上海静安区财务','客服','fm20'),('finance21','上海静安区财务','客服','fm21'),('finance22','上海静安区财务','客服','fm22'),('finance23','上海静安区财务','客服','fm23'),('finance24','上海静安区财务','客服','fm24'),('finance3','上海静安区财务','客服','fm3'),('finance4','上海静安区财务','客服','fm4'),('finance5','上海静安区财务','客服','fm5'),('finance6','上海静安区财务','客服','fm6'),('finance7','上海静安区财务','客服','fm7'),('finance8','上海静安区财务','客服','fm8'),('finance9','上海静安区财务','客服','fm9'),('research0','上海静安区研究部','客服','rm0'),('research1','上海静安区研究部','客服','rm1'),('research10','上海静安区研究部','客服','rm10'),('research11','上海静安区研究部','客服','rm11'),('research12','上海静安区研究部','客服','rm12'),('research13','上海静安区研究部','客服','rm13'),('research14','上海静安区研究部','客服','rm14'),('research15','上海静安区研究部','客服','rm15'),('research16','上海静安区研究部','客服','rm16'),('research17','上海静安区研究部','客服','rm17'),('research18','上海静安区研究部','客服','rm18'),('research19','上海静安区研究部','客服','rm19'),('research2','上海静安区研究部','客服','rm2'),('research20','上海静安区研究部','客服','rm20'),('research21','上海静安区研究部','客服','rm21'),('research22','上海静安区研究部','客服','rm22'),('research23','上海静安区研究部','客服','rm23'),('research24','上海静安区研究部','客服','rm24'),('research3','上海静安区研究部','客服','rm3'),('research4','上海静安区研究部','客服','rm4'),('research5','上海静安区研究部','客服','rm5'),('research6','上海静安区研究部','客服','rm6'),('research7','上海静安区研究部','客服','rm7'),('research8','上海静安区研究部','客服','rm8'),('research9','上海静安区研究部','客服','rm9'),('service0','上海静安区客服','客服','sm0'),('service1','上海静安区客服','客服','sm1'),('service10','上海静安区客服','客服','sm10'),('service11','上海静安区客服','客服','sm11'),('service12','上海静安区客服','客服','sm12'),('service13','上海静安区客服','客服','sm13'),('service14','上海静安区客服','客服','sm14'),('service15','上海静安区客服','客服','sm15'),('service16','上海静安区客服','客服','sm16'),('service17','上海静安区客服','客服','sm17'),('service18','上海静安区客服','客服','sm18'),('service19','上海静安区客服','客服','sm19'),('service2','上海静安区客服','客服','sm2'),('service20','上海静安区客服','客服','sm20'),('service21','上海静安区客服','客服','sm21'),('service22','上海静安区客服','客服','sm22'),('service23','上海静安区客服','客服','sm23'),('service24','上海静安区客服','客服','sm24'),('service3','上海静安区客服','客服','sm3'),('service4','上海静安区客服','客服','sm4'),('service5','上海静安区客服','客服','sm5'),('service6','上海静安区客服','客服','sm6'),('service7','上海静安区客服','客服','sm7'),('service8','上海静安区客服','客服','sm8'),('service9','上海静安区客服','客服','sm9');
/*!40000 ALTER TABLE `department_dimension` ENABLE KEYS */;
UNLOCK TABLES;

--
-- Table structure for table `fm_fact`
--

DROP TABLE IF EXISTS `fm_fact`;
/*!40101 SET @saved_cs_client     = @@character_set_client */;
/*!40101 SET character_set_client = utf8 */;
CREATE TABLE `fm_fact` (
  `time_id` varchar(45) DEFAULT NULL,
  `department_id` varchar(45) DEFAULT NULL,
  `fund_id` varchar(45) DEFAULT NULL,
  `quantity` double DEFAULT NULL,
  `inorcome` double DEFAULT NULL,
  KEY `time_id_idx` (`time_id`),
  KEY `department_id_idx` (`department_id`),
  KEY `fund_id_idx` (`fund_id`)
) ENGINE=InnoDB DEFAULT CHARSET=utf8;
/*!40101 SET character_set_client = @saved_cs_client */;

--
-- Dumping data for table `fm_fact`
--

LOCK TABLES `fm_fact` WRITE;
/*!40000 ALTER TABLE `fm_fact` DISABLE KEYS */;
INSERT INTO `fm_fact` VALUES ('2016-12-11 00:00:00.0','service0','proprety0',100,0),('2016-01-02 00:00:00.0','service1','proprety1',100,0),('2016-01-02 00:00:00.0','service10','proprety10',100,0),('2016-05-03 00:00:00.0','service11','proprety11',100,0),('2016-08-04 00:00:00.0','service12','proprety12',100,0),('2016-03-05 00:00:00.0','service13','proprety13',100,0),('2016-11-06 00:00:00.0','service14','proprety14',100,0),('2016-04-07 00:00:00.0','service15','proprety15',100,0),('2016-02-08 00:00:00.0','service16','proprety16',100,0),('2016-06-09 00:00:00.0','service17','proprety17',100,0),('2016-12-11 00:00:00.0','service18','proprety18',100,0),('2016-01-02 00:00:00.0','service19','proprety19',100,0),('2016-05-03 00:00:00.0','service2','proprety2',100,0),('2016-05-03 00:00:00.0','service20','proprety20',100,0),('2016-08-04 00:00:00.0','service21','proprety21',100,0),('2016-03-05 00:00:00.0','service22','proprety22',100,0),('2016-11-06 00:00:00.0','service23','proprety23',100,0),('2016-04-07 00:00:00.0','service24','proprety24',100,0),('2016-02-08 00:00:00.0','research0','proprety25',10000,0),('2016-06-09 00:00:00.0','research1','proprety26',10000,0),('2016-12-11 00:00:00.0','research2','proprety27',10000,0),('2016-01-02 00:00:00.0','research3','proprety28',10000,0),('2016-05-03 00:00:00.0','research4','proprety29',10000,0),('2016-08-04 00:00:00.0','service3','proprety3',100,0),('2016-08-04 00:00:00.0','research5','proprety30',10000,0),('2016-03-05 00:00:00.0','research6','proprety31',10000,0),('2016-11-06 00:00:00.0','research7','proprety32',10000,0),('2016-04-07 00:00:00.0','research8','proprety33',10000,0),('2016-02-08 00:00:00.0','research9','proprety34',10000,0),('2016-06-09 00:00:00.0','research10','proprety35',10000,0),('2016-12-11 00:00:00.0','research11','proprety36',10000,0),('2016-01-02 00:00:00.0','research12','proprety37',10000,0),('2016-05-03 00:00:00.0','research13','proprety38',10000,0),('2016-08-04 00:00:00.0','research14','proprety39',10000,0),('2016-03-05 00:00:00.0','service4','proprety4',100,0),('2016-03-05 00:00:00.0','research15','proprety40',10000,0),('2016-11-06 00:00:00.0','research16','proprety41',10000,0),('2016-04-07 00:00:00.0','research17','proprety42',10000,0),('2016-02-08 00:00:00.0','research18','proprety43',10000,0),('2016-06-09 00:00:00.0','research19','proprety44',10000,0),('2016-12-11 00:00:00.0','research20','proprety45',10000,0),('2016-01-02 00:00:00.0','research21','proprety46',10000,0),('2016-05-03 00:00:00.0','research22','proprety47',10000,0),('2016-08-04 00:00:00.0','research23','proprety48',10000,0),('2016-03-05 00:00:00.0','research24','proprety49',10000,0),('2016-11-06 00:00:00.0','service5','proprety5',100,0),('2016-11-06 00:00:00.0','business0','proprety50',100,1),('2016-04-07 00:00:00.0','business1','proprety51',100,1),('2016-02-08 00:00:00.0','business2','proprety52',100,1),('2016-06-09 00:00:00.0','business3','proprety53',100,1),('2016-12-11 00:00:00.0','business4','proprety54',100,1),('2016-01-02 00:00:00.0','business5','proprety55',100,1),('2016-05-03 00:00:00.0','business6','proprety56',100,1),('2016-08-04 00:00:00.0','business7','proprety57',100,1),('2016-03-05 00:00:00.0','business8','proprety58',100,1),('2016-11-06 00:00:00.0','business9','proprety59',100,1),('2016-04-07 00:00:00.0','service6','proprety6',100,0),('2016-04-07 00:00:00.0','business10','proprety60',100,1),('2016-02-08 00:00:00.0','business11','proprety61',100,1),('2016-06-09 00:00:00.0','business12','proprety62',100,1),('2016-12-11 00:00:00.0','business13','proprety63',100,1),('2016-01-02 00:00:00.0','business14','proprety64',100,1),('2016-05-03 00:00:00.0','business15','proprety65',100,1),('2016-08-04 00:00:00.0','business16','proprety66',100,1),('2016-03-05 00:00:00.0','business17','proprety67',100,1),('2016-11-06 00:00:00.0','business18','proprety68',100,1),('2016-04-07 00:00:00.0','business19','proprety69',100,1),('2016-02-08 00:00:00.0','service7','proprety7',100,0),('2016-02-08 00:00:00.0','business20','proprety70',100,1),('2016-06-09 00:00:00.0','business21','proprety71',100,1),('2016-12-11 00:00:00.0','business22','proprety72',100,1),('2016-01-02 00:00:00.0','business23','proprety73',100,1),('2016-05-03 00:00:00.0','business24','proprety74',100,1),('2016-08-04 00:00:00.0','finance0','proprety75',100,0),('2016-03-05 00:00:00.0','finance1','proprety76',100,0),('2016-11-06 00:00:00.0','finance2','proprety77',100,0),('2016-04-07 00:00:00.0','finance3','proprety78',100,0),('2016-02-08 00:00:00.0','finance4','proprety79',100,0),('2016-06-09 00:00:00.0','service8','proprety8',100,0),('2016-06-09 00:00:00.0','finance5','proprety80',100,0),('2016-12-11 00:00:00.0','finance6','proprety81',100,0),('2016-01-02 00:00:00.0','finance7','proprety82',100,0),('2016-05-03 00:00:00.0','finance8','proprety83',100,0),('2016-08-04 00:00:00.0','finance9','proprety84',100,0),('2016-03-05 00:00:00.0','finance10','proprety85',100,0),('2016-11-06 00:00:00.0','finance11','proprety86',100,0),('2016-04-07 00:00:00.0','finance12','proprety87',100,0),('2016-02-08 00:00:00.0','finance13','proprety88',100,0),('2016-06-09 00:00:00.0','finance14','proprety89',100,0),('2016-12-11 00:00:00.0','service9','proprety9',100,0),('2016-12-11 00:00:00.0','finance15','proprety90',100,0),('2016-01-02 00:00:00.0','finance16','proprety91',100,0),('2016-05-03 00:00:00.0','finance17','proprety92',100,0),('2016-08-04 00:00:00.0','finance18','proprety93',100,0),('2016-03-05 00:00:00.0','finance19','proprety94',100,0),('2016-11-06 00:00:00.0','finance20','proprety95',100,0),('2016-04-07 00:00:00.0','finance21','proprety96',100,0),('2016-02-08 00:00:00.0','finance22','proprety97',100,0),('2016-06-09 00:00:00.0','finance23','proprety98',100,0),('2016-12-11 00:00:00.0','finance24','proprety99',100,0),('2016-12-11 00:00:00.0','service0','proprety0',100,0),('2016-01-02 00:00:00.0','service1','proprety1',100,0),('2016-01-02 00:00:00.0','service10','proprety10',100,0),('2016-05-03 00:00:00.0','service11','proprety11',100,0),('2016-08-04 00:00:00.0','service12','proprety12',100,0),('2016-03-05 00:00:00.0','service13','proprety13',100,0),('2016-11-06 00:00:00.0','service14','proprety14',100,0),('2016-04-07 00:00:00.0','service15','proprety15',100,0),('2016-02-08 00:00:00.0','service16','proprety16',100,0),('2016-06-09 00:00:00.0','service17','proprety17',100,0),('2016-12-11 00:00:00.0','service18','proprety18',100,0),('2016-01-02 00:00:00.0','service19','proprety19',100,0),('2016-05-03 00:00:00.0','service2','proprety2',100,0),('2016-05-03 00:00:00.0','service20','proprety20',100,0),('2016-08-04 00:00:00.0','service21','proprety21',100,0),('2016-03-05 00:00:00.0','service22','proprety22',100,0),('2016-11-06 00:00:00.0','service23','proprety23',100,0),('2016-04-07 00:00:00.0','service24','proprety24',100,0),('2016-02-08 00:00:00.0','research0','proprety25',10000,0),('2016-06-09 00:00:00.0','research1','proprety26',10000,0),('2016-12-11 00:00:00.0','research2','proprety27',10000,0),('2016-01-02 00:00:00.0','research3','proprety28',10000,0),('2016-05-03 00:00:00.0','research4','proprety29',10000,0),('2016-08-04 00:00:00.0','service3','proprety3',100,0),('2016-08-04 00:00:00.0','research5','proprety30',10000,0),('2016-03-05 00:00:00.0','research6','proprety31',10000,0),('2016-11-06 00:00:00.0','research7','proprety32',10000,0),('2016-04-07 00:00:00.0','research8','proprety33',10000,0),('2016-02-08 00:00:00.0','research9','proprety34',10000,0),('2016-06-09 00:00:00.0','research10','proprety35',10000,0),('2016-12-11 00:00:00.0','research11','proprety36',10000,0),('2016-01-02 00:00:00.0','research12','proprety37',10000,0),('2016-05-03 00:00:00.0','research13','proprety38',10000,0),('2016-08-04 00:00:00.0','research14','proprety39',10000,0),('2016-03-05 00:00:00.0','service4','proprety4',100,0),('2016-03-05 00:00:00.0','research15','proprety40',10000,0),('2016-11-06 00:00:00.0','research16','proprety41',10000,0),('2016-04-07 00:00:00.0','research17','proprety42',10000,0),('2016-02-08 00:00:00.0','research18','proprety43',10000,0),('2016-06-09 00:00:00.0','research19','proprety44',10000,0),('2016-12-11 00:00:00.0','research20','proprety45',10000,0),('2016-01-02 00:00:00.0','research21','proprety46',10000,0),('2016-05-03 00:00:00.0','research22','proprety47',10000,0),('2016-08-04 00:00:00.0','research23','proprety48',10000,0),('2016-03-05 00:00:00.0','research24','proprety49',10000,0),('2016-11-06 00:00:00.0','service5','proprety5',100,0),('2016-11-06 00:00:00.0','business0','proprety50',100,1),('2016-04-07 00:00:00.0','business1','proprety51',100,1),('2016-02-08 00:00:00.0','business2','proprety52',100,1),('2016-06-09 00:00:00.0','business3','proprety53',100,1),('2016-12-11 00:00:00.0','business4','proprety54',100,1),('2016-01-02 00:00:00.0','business5','proprety55',100,1),('2016-05-03 00:00:00.0','business6','proprety56',100,1),('2016-08-04 00:00:00.0','business7','proprety57',100,1),('2016-03-05 00:00:00.0','business8','proprety58',100,1),('2016-11-06 00:00:00.0','business9','proprety59',100,1),('2016-04-07 00:00:00.0','service6','proprety6',100,0),('2016-04-07 00:00:00.0','business10','proprety60',100,1),('2016-02-08 00:00:00.0','business11','proprety61',100,1),('2016-06-09 00:00:00.0','business12','proprety62',100,1),('2016-12-11 00:00:00.0','business13','proprety63',100,1),('2016-01-02 00:00:00.0','business14','proprety64',100,1),('2016-05-03 00:00:00.0','business15','proprety65',100,1),('2016-08-04 00:00:00.0','business16','proprety66',100,1),('2016-03-05 00:00:00.0','business17','proprety67',100,1),('2016-11-06 00:00:00.0','business18','proprety68',100,1),('2016-04-07 00:00:00.0','business19','proprety69',100,1),('2016-02-08 00:00:00.0','service7','proprety7',100,0),('2016-02-08 00:00:00.0','business20','proprety70',100,1),('2016-06-09 00:00:00.0','business21','proprety71',100,1),('2016-12-11 00:00:00.0','business22','proprety72',100,1),('2016-01-02 00:00:00.0','business23','proprety73',100,1),('2016-05-03 00:00:00.0','business24','proprety74',100,1),('2016-08-04 00:00:00.0','finance0','proprety75',100,0),('2016-03-05 00:00:00.0','finance1','proprety76',100,0),('2016-11-06 00:00:00.0','finance2','proprety77',100,0),('2016-04-07 00:00:00.0','finance3','proprety78',100,0),('2016-02-08 00:00:00.0','finance4','proprety79',100,0),('2016-06-09 00:00:00.0','service8','proprety8',100,0),('2016-06-09 00:00:00.0','finance5','proprety80',100,0),('2016-12-11 00:00:00.0','finance6','proprety81',100,0),('2016-01-02 00:00:00.0','finance7','proprety82',100,0),('2016-05-03 00:00:00.0','finance8','proprety83',100,0),('2016-08-04 00:00:00.0','finance9','proprety84',100,0),('2016-03-05 00:00:00.0','finance10','proprety85',100,0),('2016-11-06 00:00:00.0','finance11','proprety86',100,0),('2016-04-07 00:00:00.0','finance12','proprety87',100,0),('2016-02-08 00:00:00.0','finance13','proprety88',100,0),('2016-06-09 00:00:00.0','finance14','proprety89',100,0),('2016-12-11 00:00:00.0','service9','proprety9',100,0),('2016-12-11 00:00:00.0','finance15','proprety90',100,0),('2016-01-02 00:00:00.0','finance16','proprety91',100,0),('2016-05-03 00:00:00.0','finance17','proprety92',100,0),('2016-08-04 00:00:00.0','finance18','proprety93',100,0),('2016-03-05 00:00:00.0','finance19','proprety94',100,0),('2016-11-06 00:00:00.0','finance20','proprety95',100,0),('2016-04-07 00:00:00.0','finance21','proprety96',100,0),('2016-02-08 00:00:00.0','finance22','proprety97',100,0),('2016-06-09 00:00:00.0','finance23','proprety98',100,0),('2016-12-11 00:00:00.0','finance24','proprety99',100,0);
/*!40000 ALTER TABLE `fm_fact` ENABLE KEYS */;
UNLOCK TABLES;

--
-- Table structure for table `fund_dimension`
--

DROP TABLE IF EXISTS `fund_dimension`;
/*!40101 SET @saved_cs_client     = @@character_set_client */;
/*!40101 SET character_set_client = utf8 */;
CREATE TABLE `fund_dimension` (
  `fund_id` varchar(45) NOT NULL,
  `user_id` varchar(45) DEFAULT NULL,
  `use_description` varchar(100) DEFAULT NULL,
  PRIMARY KEY (`fund_id`)
) ENGINE=InnoDB DEFAULT CHARSET=utf8;
/*!40101 SET character_set_client = @saved_cs_client */;

--
-- Dumping data for table `fund_dimension`
--

LOCK TABLES `fund_dimension` WRITE;
/*!40000 ALTER TABLE `fund_dimension` DISABLE KEYS */;
INSERT INTO `fund_dimension` VALUES ('proprety0','Servicer0','客服电话维修'),('proprety1','Servicer1','客服电话维修'),('proprety10','Servicer10','客服电话维修'),('proprety11','Servicer11','客服电话维修'),('proprety12','Servicer12','客服电话维修'),('proprety13','Servicer13','客服电话维修'),('proprety14','Servicer14','客服电话维修'),('proprety15','Servicer15','客服电话维修'),('proprety16','Servicer16','客服电话维修'),('proprety17','Servicer17','客服电话维修'),('proprety18','Servicer18','客服电话维修'),('proprety19','Servicer19','客服电话维修'),('proprety2','Servicer2','客服电话维修'),('proprety20','Servicer20','客服电话维修'),('proprety21','Servicer21','客服电话维修'),('proprety22','Servicer22','客服电话维修'),('proprety23','Servicer23','客服电话维修'),('proprety24','Servicer24','客服电话维修'),('proprety25','res0','研究项目通信'),('proprety26','res1','研究项目通信'),('proprety27','res2','研究项目通信'),('proprety28','res3','研究项目通信'),('proprety29','res4','研究项目通信'),('proprety3','Servicer3','客服电话维修'),('proprety30','res5','研究项目通信'),('proprety31','res6','研究项目通信'),('proprety32','res7','研究项目通信'),('proprety33','res8','研究项目通信'),('proprety34','res9','研究项目通信'),('proprety35','res10','研究项目通信'),('proprety36','res11','研究项目通信'),('proprety37','res12','研究项目通信'),('proprety38','res13','研究项目通信'),('proprety39','res14','研究项目通信'),('proprety4','Servicer4','客服电话维修'),('proprety40','res15','研究项目通信'),('proprety41','res16','研究项目通信'),('proprety42','res17','研究项目通信'),('proprety43','res18','研究项目通信'),('proprety44','res19','研究项目通信'),('proprety45','res20','研究项目通信'),('proprety46','res21','研究项目通信'),('proprety47','res22','研究项目通信'),('proprety48','res23','研究项目通信'),('proprety49','res24','研究项目通信'),('proprety5','Servicer5','客服电话维修'),('proprety50','Businesser50','业务办理'),('proprety51','Businesser51','业务办理'),('proprety52','Businesser52','业务办理'),('proprety53','Businesser53','业务办理'),('proprety54','Businesser54','业务办理'),('proprety55','Businesser55','业务办理'),('proprety56','Businesser56','业务办理'),('proprety57','Businesser57','业务办理'),('proprety58','Businesser58','业务办理'),('proprety59','Businesser59','业务办理'),('proprety6','Servicer6','客服电话维修'),('proprety60','Businesser60','业务办理'),('proprety61','Businesser61','业务办理'),('proprety62','Businesser62','业务办理'),('proprety63','Businesser63','业务办理'),('proprety64','Businesser64','业务办理'),('proprety65','Businesser65','业务办理'),('proprety66','Businesser66','业务办理'),('proprety67','Businesser67','业务办理'),('proprety68','Businesser68','业务办理'),('proprety69','Businesser69','业务办理'),('proprety7','Servicer7','客服电话维修'),('proprety70','Businesser70','业务办理'),('proprety71','Businesser71','业务办理'),('proprety72','Businesser72','业务办理'),('proprety73','Businesser73','业务办理'),('proprety74','Businesser74','业务办理'),('proprety75','Financer75','桌椅更新'),('proprety76','Financer76','桌椅更新'),('proprety77','Financer77','桌椅更新'),('proprety78','Financer78','桌椅更新'),('proprety79','Financer79','桌椅更新'),('proprety8','Servicer8','客服电话维修'),('proprety80','Financer80','桌椅更新'),('proprety81','Financer81','桌椅更新'),('proprety82','Financer82','桌椅更新'),('proprety83','Financer83','桌椅更新'),('proprety84','Financer84','桌椅更新'),('proprety85','Financer85','桌椅更新'),('proprety86','Financer86','桌椅更新'),('proprety87','Financer87','桌椅更新'),('proprety88','Financer88','桌椅更新'),('proprety89','Financer89','桌椅更新'),('proprety9','Servicer9','客服电话维修'),('proprety90','Financer90','桌椅更新'),('proprety91','Financer91','桌椅更新'),('proprety92','Financer92','桌椅更新'),('proprety93','Financer93','桌椅更新'),('proprety94','Financer94','桌椅更新'),('proprety95','Financer95','桌椅更新'),('proprety96','Financer96','桌椅更新'),('proprety97','Financer97','桌椅更新'),('proprety98','Financer98','桌椅更新'),('proprety99','Financer99','桌椅更新');
/*!40000 ALTER TABLE `fund_dimension` ENABLE KEYS */;
UNLOCK TABLES;

--
-- Table structure for table `pm`
--

DROP TABLE IF EXISTS `pm`;
/*!40101 SET @saved_cs_client     = @@character_set_client */;
/*!40101 SET character_set_client = utf8 */;
CREATE TABLE `pm` (
  `id` varchar(45) NOT NULL,
  `name` varchar(45) DEFAULT NULL,
  `phone_number` varchar(45) DEFAULT NULL,
  `position` varchar(45) DEFAULT NULL,
  PRIMARY KEY (`id`)
) ENGINE=InnoDB DEFAULT CHARSET=utf8;
/*!40101 SET character_set_client = @saved_cs_client */;

--
-- Dumping data for table `pm`
--

LOCK TABLES `pm` WRITE;
/*!40000 ALTER TABLE `pm` DISABLE KEYS */;
INSERT INTO `pm` VALUES ('bm0','王丽莉','18362921234','部长'),('bm1','白浅','18362921234','部长'),('bm10','折颜','18362921234','部长'),('bm11','阿离','18362921234','部长'),('bm12','奈奈','18362921234','部长'),('bm13','司命','18362921234','部长'),('bm14','连宋','18362921234','部长'),('bm15','成玉','18362921234','部长'),('bm16','迷谷','18362921234','部长'),('bm17','子澜','18362921234','部长'),('bm18','少辛','18362921234','部长'),('bm19','桑籍','18362921234','部长'),('bm2','白凤九','18362921234','部长'),('bm20','白真','18362921234','部长'),('bm21','折颜','18362921234','部长'),('bm22','王丽莉','18362921234','部长'),('bm23','白浅','18362921234','部长'),('bm24','白凤九','18362921234','部长'),('bm3','夜华','18362921234','部长'),('bm4','东华','18362921234','部长'),('bm5','莫渊','18362921234','部长'),('bm6','玄女','18362921234','部长'),('bm7','叠风','18362921234','部长'),('bm8','令羽','18362921234','部长'),('bm9','白真','18362921234','部长'),('fm0','王丽莉','18362921234','部长'),('fm1','白浅','18362921234','部长'),('fm10','折颜','18362921234','部长'),('fm11','阿离','18362921234','部长'),('fm12','奈奈','18362921234','部长'),('fm13','司命','18362921234','部长'),('fm14','连宋','18362921234','部长'),('fm15','成玉','18362921234','部长'),('fm16','迷谷','18362921234','部长'),('fm17','子澜','18362921234','部长'),('fm18','少辛','18362921234','部长'),('fm19','桑籍','18362921234','部长'),('fm2','白凤九','18362921234','部长'),('fm20','白真','18362921234','部长'),('fm21','折颜','18362921234','部长'),('fm22','王丽莉','18362921234','部长'),('fm23','白浅','18362921234','部长'),('fm24','白凤九','18362921234','部长'),('fm3','夜华','18362921234','部长'),('fm4','东华','18362921234','部长'),('fm5','莫渊','18362921234','部长'),('fm6','玄女','18362921234','部长'),('fm7','叠风','18362921234','部长'),('fm8','令羽','18362921234','部长'),('fm9','白真','18362921234','部长'),('rm0','王丽莉','18362921234','部长'),('rm1','白浅','18362921234','部长'),('rm10','折颜','18362921234','部长'),('rm11','阿离','18362921234','部长'),('rm12','奈奈','18362921234','部长'),('rm13','司命','18362921234','部长'),('rm14','连宋','18362921234','部长'),('rm15','成玉','18362921234','部长'),('rm16','迷谷','18362921234','部长'),('rm17','子澜','18362921234','部长'),('rm18','少辛','18362921234','部长'),('rm19','桑籍','18362921234','部长'),('rm2','白凤九','18362921234','部长'),('rm20','白真','18362921234','部长'),('rm21','折颜','18362921234','部长'),('rm22','王丽莉','18362921234','部长'),('rm23','白浅','18362921234','部长'),('rm24','白凤九','18362921234','部长'),('rm3','夜华','18362921234','部长'),('rm4','东华','18362921234','部长'),('rm5','莫渊','18362921234','部长'),('rm6','玄女','18362921234','部长'),('rm7','叠风','18362921234','部长'),('rm8','令羽','18362921234','部长'),('rm9','白真','18362921234','部长'),('sm0','王丽莉','18362921234','部长'),('sm1','白浅','18362921234','部长'),('sm10','折颜','18362921234','部长'),('sm11','阿离','18362921234','部长'),('sm12','奈奈','18362921234','部长'),('sm13','司命','18362921234','部长'),('sm14','连宋','18362921234','部长'),('sm15','成玉','18362921234','部长'),('sm16','迷谷','18362921234','部长'),('sm17','子澜','18362921234','部长'),('sm18','少辛','18362921234','部长'),('sm19','桑籍','18362921234','部长'),('sm2','白凤九','18362921234','部长'),('sm20','白真','18362921234','部长'),('sm21','折颜','18362921234','部长'),('sm22','王丽莉','18362921234','部长'),('sm23','白浅','18362921234','部长'),('sm24','白凤九','18362921234','部长'),('sm3','夜华','18362921234','部长'),('sm4','东华','18362921234','部长'),('sm5','莫渊','18362921234','部长'),('sm6','玄女','18362921234','部长'),('sm7','叠风','18362921234','部长'),('sm8','令羽','18362921234','部长'),('sm9','白真','18362921234','部长');
/*!40000 ALTER TABLE `pm` ENABLE KEYS */;
UNLOCK TABLES;

--
-- Table structure for table `season`
--

DROP TABLE IF EXISTS `season`;
/*!40101 SET @saved_cs_client     = @@character_set_client */;
/*!40101 SET character_set_client = utf8 */;
CREATE TABLE `season` (
  `month` int(11) NOT NULL,
  `season` int(11) DEFAULT NULL,
  PRIMARY KEY (`month`)
) ENGINE=InnoDB DEFAULT CHARSET=utf8;
/*!40101 SET character_set_client = @saved_cs_client */;

--
-- Dumping data for table `season`
--

LOCK TABLES `season` WRITE;
/*!40000 ALTER TABLE `season` DISABLE KEYS */;
INSERT INTO `season` VALUES (1,1),(2,1),(3,1),(4,2),(5,2),(6,2),(8,3),(11,4),(12,4);
/*!40000 ALTER TABLE `season` ENABLE KEYS */;
UNLOCK TABLES;

--
-- Table structure for table `time_dimension`
--

DROP TABLE IF EXISTS `time_dimension`;
/*!40101 SET @saved_cs_client     = @@character_set_client */;
/*!40101 SET character_set_client = utf8 */;
CREATE TABLE `time_dimension` (
  `time_id` varchar(45) NOT NULL,
  `year` int(11) DEFAULT NULL,
  `month` int(11) DEFAULT NULL,
  `day` int(11) DEFAULT NULL,
  PRIMARY KEY (`time_id`)
) ENGINE=InnoDB DEFAULT CHARSET=utf8;
/*!40101 SET character_set_client = @saved_cs_client */;

--
-- Dumping data for table `time_dimension`
--

LOCK TABLES `time_dimension` WRITE;
/*!40000 ALTER TABLE `time_dimension` DISABLE KEYS */;
INSERT INTO `time_dimension` VALUES ('2016-01-02 00:00:00.0',2016,1,2),('2016-02-08 00:00:00.0',2016,2,8),('2016-03-05 00:00:00.0',2016,3,5),('2016-04-07 00:00:00.0',2016,4,7),('2016-05-03 00:00:00.0',2016,5,3),('2016-06-09 00:00:00.0',2016,6,9),('2016-08-04 00:00:00.0',2016,8,4),('2016-11-06 00:00:00.0',2016,11,6),('2016-12-11 00:00:00.0',2016,12,11);
/*!40000 ALTER TABLE `time_dimension` ENABLE KEYS */;
UNLOCK TABLES;

--
-- Table structure for table `user`
--

DROP TABLE IF EXISTS `user`;
/*!40101 SET @saved_cs_client     = @@character_set_client */;
/*!40101 SET character_set_client = utf8 */;
CREATE TABLE `user` (
  `user_id` varchar(45) NOT NULL,
  `pm_id` varchar(45) DEFAULT NULL,
  `name` varchar(45) DEFAULT NULL,
  `description` varchar(100) DEFAULT NULL,
  PRIMARY KEY (`user_id`)
) ENGINE=InnoDB DEFAULT CHARSET=utf8;
/*!40101 SET character_set_client = @saved_cs_client */;

--
-- Dumping data for table `user`
--

LOCK TABLES `user` WRITE;
/*!40000 ALTER TABLE `user` DISABLE KEYS */;
INSERT INTO `user` VALUES ('Businesser50','null','玄女','营业员'),('Businesser51','null','叠风','营业员'),('Businesser52','null','令羽','营业员'),('Businesser53','null','白真','营业员'),('Businesser54','null','折颜','营业员'),('Businesser55','null','王丽莉','营业员'),('Businesser56','null','白浅','营业员'),('Businesser57','null','白凤九','营业员'),('Businesser58','null','夜华','营业员'),('Businesser59','null','东华','营业员'),('Businesser60','null','莫渊','营业员'),('Businesser61','null','玄女','营业员'),('Businesser62','null','叠风','营业员'),('Businesser63','null','令羽','营业员'),('Businesser64','null','白真','营业员'),('Businesser65','null','折颜','营业员'),('Businesser66','null','王丽莉','营业员'),('Businesser67','null','白浅','营业员'),('Businesser68','null','白凤九','营业员'),('Businesser69','null','夜华','营业员'),('Servicer0','null','王丽莉','客服'),('Servicer1','null','白浅','客服'),('Servicer10','null','折颜','客服'),('Servicer11','null','王丽莉','客服'),('Servicer12','null','白浅','客服'),('Servicer13','null','白凤九','客服'),('Servicer14','null','夜华','客服'),('Servicer15','null','东华','客服'),('Servicer16','null','莫渊','客服'),('Servicer17','null','玄女','客服'),('Servicer18','null','叠风','客服'),('Servicer19','null','令羽','客服'),('Servicer2','null','白凤九','客服'),('Servicer20','null','白真','客服'),('Servicer21','null','折颜','客服'),('Servicer22','null','王丽莉','客服'),('Servicer23','null','白浅','客服'),('Servicer24','null','白凤九','客服'),('Servicer3','null','夜华','客服'),('Servicer4','null','东华','客服'),('Servicer5','null','莫渊','客服'),('Servicer6','null','玄女','客服'),('Servicer7','null','叠风','客服'),('Servicer8','null','令羽','客服'),('Servicer9','null','白真','客服');
/*!40000 ALTER TABLE `user` ENABLE KEYS */;
UNLOCK TABLES;
/*!40103 SET TIME_ZONE=@OLD_TIME_ZONE */;

/*!40101 SET SQL_MODE=@OLD_SQL_MODE */;
/*!40014 SET FOREIGN_KEY_CHECKS=@OLD_FOREIGN_KEY_CHECKS */;
/*!40014 SET UNIQUE_CHECKS=@OLD_UNIQUE_CHECKS */;
/*!40101 SET CHARACTER_SET_CLIENT=@OLD_CHARACTER_SET_CLIENT */;
/*!40101 SET CHARACTER_SET_RESULTS=@OLD_CHARACTER_SET_RESULTS */;
/*!40101 SET COLLATION_CONNECTION=@OLD_COLLATION_CONNECTION */;
/*!40111 SET SQL_NOTES=@OLD_SQL_NOTES */;

-- Dump completed on 2017-02-23 16:38:00
